ID,fact_check_url,news_url,title,Label
100000,medicalnewstoday.com,https://www.medicalnewstoday.com/articles/coronavirus-myths-explored,"""Spraying chlorine or alcohol on the skin kills viruses in the body""",Fake
100001,medicalnewstoday.com,https://www.medicalnewstoday.com/articles/coronavirus-myths-explored,"""Only older adults and young people are at risk""",Fake
100002,medicalnewstoday.com,https://www.medicalnewstoday.com/articles/coronavirus-myths-explored,"""Children cannot get COVID-19""",Fake
100003,medicalnewstoday.com,https://www.medicalnewstoday.com/articles/coronavirus-myths-explored,"""COVID-19 is just like the flu""",Fake
100004,medicalnewstoday.com,https://www.medicalnewstoday.com/articles/coronavirus-myths-explored,"""Everyone with COVID-19 dies""",Fake
100005,medicalnewstoday.com,https://www.medicalnewstoday.com/articles/coronavirus-myths-explored,"""Cats and dogs spread coronavirus""",Fake
100006,medicalnewstoday.com,https://www.medicalnewstoday.com/articles/coronavirus-myths-explored,"""Face masks always protect against coronavirus""",Fake
100007,medicalnewstoday.com,https://www.medicalnewstoday.com/articles/coronavirus-myths-explored,"""Hand dryers kill coronavirus""",Fake
100008,medicalnewstoday.com,https://www.medicalnewstoday.com/articles/coronavirus-myths-explored,"""SARS-CoV-2 is just a mutated form of the common cold""",Fake
100009,medicalnewstoday.com,https://www.medicalnewstoday.com/articles/coronavirus-myths-explored,"""You have to be with someone for 10 minutes to catch the virus""",Fake
100010,medicalnewstoday.com,https://www.medicalnewstoday.com/articles/coronavirus-myths-explored,"""Rinsing the nose with saline protects against coronavirus""",Fake
100011,medicalnewstoday.com,https://www.medicalnewstoday.com/articles/coronavirus-myths-explored,"""You can protect yourself by gargling bleach""",Fake
100012,medicalnewstoday.com,https://www.medicalnewstoday.com/articles/coronavirus-myths-explored,"""Antibiotics kill coronavirus""",Fake
100013,medicalnewstoday.com,https://www.medicalnewstoday.com/articles/coronavirus-myths-explored,"""Thermal scanners can diagnose coronavirus""",Fake
100014,medicalnewstoday.com,https://www.medicalnewstoday.com/articles/coronavirus-myths-explored,"""Garlic protects against coronaviruses""",Fake
100015,medicalnewstoday.com,https://www.medicalnewstoday.com/articles/coronavirus-myths-explored,"""Parcels from China can spread coronavirus""",Fake
100016,medicalnewstoday.com,https://www.medicalnewstoday.com/articles/coronavirus-myths-explored,"""Home remedies can cure and protect against COVID-19""",Fake
100017,medicalnewstoday.com,https://www.medicalnewstoday.com/articles/coronavirus-myths-explored,"""You can catch coronavirus from eating Chinese food in the US""",Fake
100018,medicalnewstoday.com,https://www.medicalnewstoday.com/articles/coronavirus-myths-explored,"""You can catch coronavirus from urine and feces""",Fake
100019,medicalnewstoday.com,https://www.medicalnewstoday.com/articles/coronavirus-myths-explored,"""The virus will die off when temperatures rise in the spring""",Fake
100020,medicalnewstoday.com,https://www.medicalnewstoday.com/articles/coronavirus-myths-explored,"""Coronavirus is the deadliest virus known to humans""",Fake
100021,medicalnewstoday.com,https://www.medicalnewstoday.com/articles/coronavirus-myths-explored,"""Flu and pneumonia vaccines can protect against COVID-19""",Fake
100022,medicalnewstoday.com,https://www.medicalnewstoday.com/articles/coronavirus-myths-explored,"""The virus originated in a laboratory in China""",Fake
100023,medicalnewstoday.com,https://www.medicalnewstoday.com/articles/coronavirus-myths-explored,"""The outbreak began because people ate bat soup""",Fake
100024,medicalnewstoday.com,https://www.medicalnewstoday.com/articles/coronavirus-myths-explored,"""5G helps SARS-CoV-2 spread""",Fake
100025,medicalnewstoday.com,https://www.medicalnewstoday.com/articles/coronavirus-myths-explored,"""Drinking alcohol reduces the risk of infection""",Fake
100026,medicalnewstoday.com,https://www.medicalnewstoday.com/articles/coronavirus-myths-explored,"""Injecting or consuming bleach or disinfectant kills the virus""",Fake
100027,medicalnewstoday.com,https://www.medicalnewstoday.com/articles/coronavirus-myths-explored,You can catch coronavirus in swimming pools,Fake
100338,who.int,https://www.who.int/emergencies/diseases/novel-coronavirus-2019/question-and-answers-hub/q-a-detail/q-a-children-and-masks-related-to-covid-19,Should children wear a mask?,Real
100339,who.int,https://www.who.int/emergencies/diseases/novel-coronavirus-2019/question-and-answers-hub/q-a-detail/q-a-children-and-masks-related-to-covid-20,Are there situations where children aged 5 years and under may wear or be required to wear a mask?,Real
100340,who.int,https://www.who.int/emergencies/diseases/novel-coronavirus-2019/question-and-answers-hub/q-a-detail/q-a-children-and-masks-related-to-covid-21,Should children with developmental disabilities wear masks?,Real
100341,who.int,https://www.who.int/emergencies/diseases/novel-coronavirus-2019/question-and-answers-hub/q-a-detail/q-a-children-and-masks-related-to-covid-22,Should children who have health issues or a medical condition that compromises their immune system wear a mask?,Real
100342,who.int,https://www.who.int/emergencies/diseases/novel-coronavirus-2019/question-and-answers-hub/q-a-detail/q-a-children-and-masks-related-to-covid-23,What type of mask should children wear?,Real
100343,who.int,https://www.who.int/emergencies/diseases/novel-coronavirus-2019/question-and-answers-hub/q-a-detail/q-a-children-and-masks-related-to-covid-24,How should children wear a mask?,Real
100344,who.int,https://www.who.int/emergencies/diseases/novel-coronavirus-2019/question-and-answers-hub/q-a-detail/q-a-children-and-masks-related-to-covid-25,Should a child wear a mask at home?,Real
100345,who.int,https://www.who.int/emergencies/diseases/novel-coronavirus-2019/question-and-answers-hub/q-a-detail/q-a-children-and-masks-related-to-covid-26,Should teachers or other adults working with children wear a mask?,Real
100346,who.int,https://www.who.int/emergencies/diseases/novel-coronavirus-2019/question-and-answers-hub/q-a-detail/q-a-children-and-masks-related-to-covid-27,Should children wear a mask when playing sports or doing physical activities?,Real
100347,who.int,https://www.who.int/emergencies/diseases/novel-coronavirus-2019/question-and-answers-hub/q-a-detail/q-a-children-and-masks-related-to-covid-28,Are there alternatives to fabric masks such as face shields?,Real
100348,who.int,https://www.who.int/emergencies/diseases/novel-coronavirus-2019/question-and-answers-hub/q-a-detail/coronavirus-disease-covid-19-contact-tracing,What is contact tracing?,Real
100349,who.int,https://www.who.int/emergencies/diseases/novel-coronavirus-2019/question-and-answers-hub/q-a-detail/coronavirus-disease-covid-19-contact-tracing,How does contact tracing work?,Real
100350,who.int,https://www.who.int/emergencies/diseases/novel-coronavirus-2019/question-and-answers-hub/q-a-detail/coronavirus-disease-covid-19-contact-tracing,Who is defined as a contact?,Real
100351,who.int,https://www.who.int/emergencies/diseases/novel-coronavirus-2019/question-and-answers-hub/q-a-detail/coronavirus-disease-covid-19-contact-tracing,Can contact tracing help in controlling spread of the virus?,Real
100352,who.int,https://www.who.int/emergencies/diseases/novel-coronavirus-2019/question-and-answers-hub/q-a-detail/coronavirus-disease-covid-19-contact-tracing,When should contact tracing be implemented?,Real
100353,who.int,https://www.who.int/emergencies/diseases/novel-coronavirus-2019/question-and-answers-hub/q-a-detail/coronavirus-disease-covid-19-contact-tracing,What happens if you are a contact?,Real
100354,who.int,https://www.who.int/emergencies/diseases/novel-coronavirus-2019/question-and-answers-hub/q-a-detail/coronavirus-disease-covid-19-contact-tracing,Who is needed for successful contact tracing?,Real
100355,who.int,https://www.who.int/emergencies/diseases/novel-coronavirus-2019/question-and-answers-hub/q-a-detail/coronavirus-disease-covid-19-contact-tracing,What are the tools used for contact tracing?,Real
100356,who.int,https://www.who.int/emergencies/diseases/novel-coronavirus-2019/question-and-answers-hub/q-a-detail/coronavirus-disease-covid-19-contact-tracing,What should be considered for data protection?,Real
100357,who.int,https://www.who.int/emergencies/diseases/novel-coronavirus-2019/question-and-answers-hub/q-a-detail/coronavirus-disease-covid-19-food-safety-and-nutrition,"Can I get COVID-19 from eating fresh foods, like fruits and vegetables?",Real
100358,who.int,https://www.who.int/emergencies/diseases/novel-coronavirus-2019/question-and-answers-hub/q-a-detail/coronavirus-disease-covid-19-food-safety-and-nutrition,How should I wash fruits and vegetables in the time of COVID-19?,Real
100359,who.int,https://www.who.int/emergencies/diseases/novel-coronavirus-2019/question-and-answers-hub/q-a-detail/coronavirus-disease-covid-19-food-safety-and-nutrition,Can the virus that causes COVID-19 live on the surface of food packaging?,Real
100360,who.int,https://www.who.int/emergencies/diseases/novel-coronavirus-2019/question-and-answers-hub/q-a-detail/coronavirus-disease-covid-19-food-safety-and-nutrition,"Can the virus that causes COVID-19 be transmitted through the consumption of cooked foods, including animal products?",Real
100361,who.int,https://www.who.int/emergencies/diseases/novel-coronavirus-2019/question-and-answers-hub/q-a-detail/coronavirus-disease-covid-19-food-safety-and-nutrition,Is it safe to go to grocery stores and other food markets?,Real
100362,who.int,https://www.who.int/emergencies/diseases/novel-coronavirus-2019/question-and-answers-hub/q-a-detail/coronavirus-disease-covid-19-food-safety-and-nutrition,Is it safe to have groceries delivered?,Real
100363,who.int,https://www.who.int/emergencies/diseases/novel-coronavirus-2019/question-and-answers-hub/q-a-detail/coronavirus-disease-covid-19-food-safety-and-nutrition,What is the best household disinfectant for surfaces?,Real
100364,who.int,https://www.who.int/emergencies/diseases/novel-coronavirus-2019/question-and-answers-hub/q-a-detail/coronavirus-disease-covid-19-food-safety-and-nutrition,What foods should be consumed to support the immune system?,Real
100365,who.int,https://www.who.int/emergencies/diseases/novel-coronavirus-2019/question-and-answers-hub/q-a-detail/coronavirus-disease-covid-19-food-safety-and-nutrition,Can micronutrient (vitamin and mineral) supplements prevent COVID-19 in healthy individuals or cure it in those with COVID-19 disease?,Real
100366,who.int,https://www.who.int/emergencies/diseases/novel-coronavirus-2019/question-and-answers-hub/q-a-detail/coronavirus-disease-covid-19-food-safety-and-nutrition,Are vitamin D supplements needed if individuals are not exposed to sunlight due to lockdowns?,Real
100367,who.int,https://www.who.int/emergencies/diseases/novel-coronavirus-2019/question-and-answers-hub/q-a-detail/coronavirus-disease-covid-19-food-safety-and-nutrition,Are there any herbal teas or herbal supplements that may help prevent or cure COVID-19?,Real
100368,who.int,https://www.who.int/emergencies/diseases/novel-coronavirus-2019/question-and-answers-hub/q-a-detail/coronavirus-disease-covid-19-food-safety-and-nutrition,Can probiotics help prevent COVID-19?,Real
100369,who.int,https://www.who.int/emergencies/diseases/novel-coronavirus-2019/question-and-answers-hub/q-a-detail/coronavirus-disease-covid-19-food-safety-and-nutrition,Can eating ginger help prevent COVID-19?,Real
100370,who.int,https://www.who.int/emergencies/diseases/novel-coronavirus-2019/question-and-answers-hub/q-a-detail/coronavirus-disease-covid-19-food-safety-and-nutrition,Can eating garlic help prevent COVID-19?,Real
100371,who.int,https://www.who.int/emergencies/diseases/novel-coronavirus-2019/question-and-answers-hub/q-a-detail/coronavirus-disease-covid-19-food-safety-and-nutrition,Can adding pepper to your soup or other meals help prevent or cure COVID-19?,Real
100372,who.int,https://www.who.int/emergencies/diseases/novel-coronavirus-2019/question-and-answers-hub/q-a-detail/coronavirus-disease-covid-19-food-safety-for-consumers,Can I get COVID-19 from food?,Real
100373,who.int,https://www.who.int/emergencies/diseases/novel-coronavirus-2019/question-and-answers-hub/q-a-detail/coronavirus-disease-covid-19-food-safety-for-consumers,"Can the virus live on the surface of foods (including fruits and vegetables, frozen foods, pre-packaged foods)?",Real
100374,who.int,https://www.who.int/emergencies/diseases/novel-coronavirus-2019/question-and-answers-hub/q-a-detail/coronavirus-disease-covid-19-food-safety-for-consumers,"How to wash fruits and vegetables? Just with water, or something else?",Real
100375,who.int,https://www.who.int/emergencies/diseases/novel-coronavirus-2019/question-and-answers-hub/q-a-detail/coronavirus-disease-covid-19-food-safety-for-consumers,Can the virus live on the surface of food packaging? How long? Is it necessary to disinfect?,Real
100376,who.int,https://www.who.int/emergencies/diseases/novel-coronavirus-2019/question-and-answers-hub/q-a-detail/coronavirus-disease-covid-19-food-safety-for-consumers,How long is it to cook food? To what temperature to kill the virus?,Real
100377,who.int,https://www.who.int/emergencies/diseases/novel-coronavirus-2019/question-and-answers-hub/q-a-detail/coronavirus-disease-covid-19-food-safety-for-consumers,What precautions should consumers take in grocery stores?,Real
100378,who.int,https://www.who.int/emergencies/diseases/novel-coronavirus-2019/question-and-answers-hub/q-a-detail/coronavirus-disease-covid-19-food-safety-for-consumers,Is food/grocery delivery safe?,Real
100379,who.int,https://www.who.int/emergencies/diseases/novel-coronavirus-2019/question-and-answers-hub/q-a-detail/coronavirus-disease-covid-19-food-safety-for-consumers,What is the best household disinfectant for surfaces?,Real
100380,who.int,https://www.who.int/emergencies/diseases/novel-coronavirus-2019/question-and-answers-hub/q-a-detail/coronavirus-disease-covid-19-food-safety-for-consumers,Is it still safe to go to food markets? Animal markets? Wet markets?,Real
100381,who.int,https://www.who.int/emergencies/diseases/novel-coronavirus-2019/question-and-answers-hub/q-a-detail/coronavirus-disease-covid-19-home-care-for-families-and-caregivers,Can someone who has tested positive for COVID-19 be cared for at home?,Real
100382,who.int,https://www.who.int/emergencies/diseases/novel-coronavirus-2019/question-and-answers-hub/q-a-detail/coronavirus-disease-covid-19-home-care-for-families-and-caregivers,What should be done to prevent other people in the house from becoming sick if a person with COVID-19 is being cared for at home?,Real
100383,who.int,https://www.who.int/emergencies/diseases/novel-coronavirus-2019/question-and-answers-hub/q-a-detail/coronavirus-disease-covid-19-home-care-for-families-and-caregivers,How long should people with COVID-19 stay at home and in isolation?,Real
100384,who.int,https://www.who.int/emergencies/diseases/novel-coronavirus-2019/question-and-answers-hub/q-a-detail/coronavirus-disease-covid-19-home-care-for-health-workers-and-administrators,When should a patient with COVID-19 be cared for at home?,Real
100385,who.int,https://www.who.int/emergencies/diseases/novel-coronavirus-2019/question-and-answers-hub/q-a-detail/coronavirus-disease-covid-19-home-care-for-health-workers-and-administrators,What factors determine whether a COVID-19 patient can be cared for at home?,Real
100386,who.int,https://www.who.int/emergencies/diseases/novel-coronavirus-2019/question-and-answers-hub/q-a-detail/coronavirus-disease-covid-19-home-care-for-health-workers-and-administrators,What additional factors should be taken into consideration when assessing the home setting to determine if it is safe for patients and families to remain at home?,Real
100387,who.int,https://www.who.int/emergencies/diseases/novel-coronavirus-2019/question-and-answers-hub/q-a-detail/coronavirus-disease-covid-19-home-care-for-health-workers-and-administrators,What precautions should health workers take when providing care to patients in home settings?,Real
100388,who.int,https://www.who.int/emergencies/diseases/novel-coronavirus-2019/question-and-answers-hub/q-a-detail/coronavirus-disease-covid-19-home-care-for-health-workers-and-administrators,Could pregnant women be cared for at home if they have COVID-19?,Real
100389,who.int,https://www.who.int/emergencies/diseases/novel-coronavirus-2019/question-and-answers-hub/q-a-detail/coronavirus-disease-covid-19-home-care-for-health-workers-and-administrators,Can children be cared for at home if they have COVID-19?,Real
100390,who.int,https://www.who.int/emergencies/diseases/novel-coronavirus-2019/question-and-answers-hub/q-a-detail/coronavirus-disease-covid-19-how-is-it-transmitted,How does COVID-19 spread between people?,Real
100391,who.int,https://www.who.int/emergencies/diseases/novel-coronavirus-2019/question-and-answers-hub/q-a-detail/coronavirus-disease-covid-19-how-is-it-transmitted,When do infected people transmit the virus?,Real
100392,who.int,https://www.who.int/emergencies/diseases/novel-coronavirus-2019/question-and-answers-hub/q-a-detail/coronavirus-disease-covid-19-how-is-it-transmitted,What is the difference between people who are asymptomatic or pre-symptomatic? Donít they both mean someone without symptoms?,Real
100393,who.int,https://www.who.int/emergencies/diseases/novel-coronavirus-2019/question-and-answers-hub/q-a-detail/coronavirus-disease-covid-19-how-is-it-transmitted,Are there certain settings where COVID-19 can spread more easily?,Real
100394,who.int,https://www.who.int/emergencies/diseases/novel-coronavirus-2019/question-and-answers-hub/q-a-detail/coronavirus-disease-covid-19-how-is-it-transmitted,How can I reduce my risk of getting COVID-19?,Real
100395,who.int,https://www.who.int/emergencies/diseases/novel-coronavirus-2019/question-and-answers-hub/q-a-detail/coronavirus-disease-covid-19-malaria-and-covid-19,How many malaria-affected countries have reported cases of COVID-19?,Real
100396,who.int,https://www.who.int/emergencies/diseases/novel-coronavirus-2019/question-and-answers-hub/q-a-detail/coronavirus-disease-covid-19-malaria-and-covid-20,Should core malaria vector control interventions be maintained in view of the rapid global spread of COVID-19?,Real
100397,who.int,https://www.who.int/emergencies/diseases/novel-coronavirus-2019/question-and-answers-hub/q-a-detail/coronavirus-disease-covid-19-malaria-and-covid-21,Should WHO-recommended preventive therapies be maintained in sub-Saharan Africa?,Real
100398,who.int,https://www.who.int/emergencies/diseases/novel-coronavirus-2019/question-and-answers-hub/q-a-detail/coronavirus-disease-covid-19-malaria-and-covid-22,Are there any changes to WHO guidance with respect to malaria diagnosis and treatment?,Real
100399,who.int,https://www.who.int/emergencies/diseases/novel-coronavirus-2019/question-and-answers-hub/q-a-detail/coronavirus-disease-covid-19-malaria-and-covid-23,What additional special measures may be needed in the context of COVID-19?,Real
100400,who.int,https://www.who.int/emergencies/diseases/novel-coronavirus-2019/question-and-answers-hub/q-a-detail/coronavirus-disease-covid-19-malaria-and-covid-24,What are the key considerations for countries that are working to eliminate malaria or prevent re-establishment of transmission?,Real
100401,who.int,https://www.who.int/emergencies/diseases/novel-coronavirus-2019/question-and-answers-hub/q-a-detail/coronavirus-disease-covid-19-malaria-and-covid-25,Why is WHO particularly concerned about the spread of COVID-19 in malaria-affected areas?,Real
100402,who.int,https://www.who.int/emergencies/diseases/novel-coronavirus-2019/question-and-answers-hub/q-a-detail/coronavirus-disease-covid-19-malaria-and-covid-26,Have there been disruptions in the global supply of key malaria-related commodities as a result of the COVID-19 pandemic?,Real
100403,who.int,https://www.who.int/emergencies/diseases/novel-coronavirus-2019/question-and-answers-hub/q-a-detail/coronavirus-disease-covid-19-malaria-and-covid-27,What is WHOís position on the use of chloroquine and hydroxychloroquine in the context of the COVID-19 response?,Real
100404,who.int,https://www.who.int/emergencies/diseases/novel-coronavirus-2019/question-and-answers-hub/q-a-detail/coronavirus-disease-covid-19-malaria-and-covid-28,What is WHOís position on the use of Artemisia plant material for the prevention or treatment of malaria and/or COVID-19?,Real
100405,who.int,https://www.who.int/emergencies/diseases/novel-coronavirus-2019/question-and-answers-hub/q-a-detail/coronavirus-disease-covid-19-malaria-and-covid-29,What is WHO doing to support malaria-affected countries in the context of COVID-19?,Real
100406,who.int,https://www.who.int/emergencies/diseases/novel-coronavirus-2019/question-and-answers-hub/q-a-detail/coronavirus-disease-covid-19-small-public-gatherings,"I am ATTENDING a small gathering or an event such as a wedding, a party or sports tournament. What precautions should I take to protect myself and others from getting infected with COVID-19?",Real
100407,who.int,https://www.who.int/emergencies/diseases/novel-coronavirus-2019/question-and-answers-hub/q-a-detail/coronavirus-disease-covid-19-small-public-gatherings,"I am ORGANIZING a small gathering or an event such as a wedding, a party or sports tournament. What precautions should I take to prevent the spread of COVID-19 among guests?",Real
100408,who.int,https://www.who.int/emergencies/diseases/novel-coronavirus-2019/question-and-answers-hub/q-a-detail/coronavirus-disease-covid-19-staying-at-hotels-and-accommodation-establishments,What precautions should everyone take in a hotel or other accommodation establishment?,Real
100409,who.int,https://www.who.int/emergencies/diseases/novel-coronavirus-2019/question-and-answers-hub/q-a-detail/coronavirus-disease-covid-19-staying-at-hotels-and-accommodation-establishments,Are pools and water areas safe to use?,Real
100410,who.int,https://www.who.int/emergencies/diseases/novel-coronavirus-2019/question-and-answers-hub/q-a-detail/coronavirus-disease-covid-19-staying-at-hotels-and-accommodation-establishments,Are there precautions to take while eating in a restaurant?,Real
100411,who.int,https://www.who.int/emergencies/diseases/novel-coronavirus-2019/question-and-answers-hub/q-a-detail/coronavirus-disease-covid-19-staying-at-hotels-and-accommodation-establishments,Is it safe to use fans or air conditioning in an accommodation?,Real
100412,who.int,https://www.who.int/emergencies/diseases/novel-coronavirus-2019/question-and-answers-hub/q-a-detail/coronavirus-disease-covid-19-staying-at-hotels-and-accommodation-establishments,Can you get the virus from people who were in the room previous to you?,Real
100413,who.int,https://www.who.int/emergencies/diseases/novel-coronavirus-2019/question-and-answers-hub/q-a-detail/coronavirus-disease-covid-19-staying-at-hotels-and-accommodation-establishments,What should travelers do if they get sick while at an accommodation facility?,Real
100414,who.int,https://www.who.int/emergencies/diseases/novel-coronavirus-2019/question-and-answers-hub/q-a-detail/coronavirus-disease-covid-19-travel-advice-for-the-general-public,What precautions should I take during travel?,Real
100415,who.int,https://www.who.int/emergencies/diseases/novel-coronavirus-2019/question-and-answers-hub/q-a-detail/coronavirus-disease-covid-19-travel-advice-for-the-general-public,Who should not travel?,Real
100416,who.int,https://www.who.int/emergencies/diseases/novel-coronavirus-2019/question-and-answers-hub/q-a-detail/coronavirus-disease-covid-19-travel-advice-for-the-general-public,What is meant by ìessential travelî?,Real
100417,who.int,https://www.who.int/emergencies/diseases/novel-coronavirus-2019/question-and-answers-hub/q-a-detail/coronavirus-disease-covid-19-travel-advice-for-the-general-public,"If I feel well but am in the high-risk category, should I travel?",Real
100418,who.int,https://www.who.int/emergencies/diseases/novel-coronavirus-2019/question-and-answers-hub/q-a-detail/coronavirus-disease-covid-19-travel-advice-for-the-general-public,How can ventilation reduce the risk of contracting COVID-19 in airplanes?,Real
100419,who.int,https://www.who.int/emergencies/diseases/novel-coronavirus-2019/question-and-answers-hub/q-a-detail/coronavirus-disease-covid-19-travel-advice-for-the-general-public,The travel company is asking me to wear a mask while traveling. Which kind of mask should I use?,Real
100420,who.int,https://www.who.int/emergencies/diseases/novel-coronavirus-2019/question-and-answers-hub/q-a-detail/coronavirus-disease-covid-19-travel-advice-for-the-general-public,Should I get an immunity certificate before travelling?,Real
100421,who.int,https://www.who.int/emergencies/diseases/novel-coronavirus-2019/question-and-answers-hub/q-a-detail/coronavirus-disease-covid-19-travel-advice-for-the-general-public,Could I be screened when I exit or arrive at my destination?,Real
100422,who.int,https://www.who.int/emergencies/diseases/novel-coronavirus-2019/question-and-answers-hub/q-a-detail/coronavirus-disease-covid-19-travel-advice-for-the-general-public,Should I use a digital contact tracing app while traveling?,Real
100423,who.int,https://www.who.int/emergencies/diseases/novel-coronavirus-2019/question-and-answers-hub/q-a-detail/coronavirus-disease-covid-19-travel-advice-for-the-general-public,Should I get a test before departure or upon arrival?,Real
100424,who.int,https://www.who.int/emergencies/diseases/novel-coronavirus-2019/question-and-answers-hub/q-a-detail/coronavirus-disease-covid-19-travel-advice-for-the-general-public,What happens if I have symptoms when arriving at my destination?,Real
100425,who.int,https://www.who.int/emergencies/diseases/novel-coronavirus-2019/question-and-answers-hub/q-a-detail/coronavirus-disease-covid-19-travel-advice-for-the-general-public,What should I do after arriving at my destination?,Real
100426,who.int,https://www.who.int/emergencies/diseases/novel-coronavirus-2019/question-and-answers-hub/q-a-detail/coronavirus-disease-covid-19-travel-advice-for-the-general-public,What should I do if I get sick while traveling?,Real
100427,who.int,https://www.who.int/emergencies/diseases/novel-coronavirus-2019/question-and-answers-hub/q-a-detail/coronavirus-disease-covid-19-ventilation-and-air-conditioning,What is ventilation?,Real
100428,who.int,https://www.who.int/emergencies/diseases/novel-coronavirus-2019/question-and-answers-hub/q-a-detail/coronavirus-disease-covid-19-ventilation-and-air-conditioning,What is WHO doing to address ventilation in the context of COVID-19?,Real
100429,who.int,https://www.who.int/emergencies/diseases/novel-coronavirus-2019/question-and-answers-hub/q-a-detail/coronavirus-disease-covid-19-ventilation-and-air-conditioning,Can I use air conditioning in the context of COVID-19?,Real
100430,who.int,https://www.who.int/emergencies/diseases/novel-coronavirus-2019/question-and-answers-hub/q-a-detail/coronavirus-disease-covid-19-ventilation-and-air-conditioning,Can fans be used safely in indoor spaces?,Real
100431,who.int,https://www.who.int/emergencies/diseases/novel-coronavirus-2019/question-and-answers-hub/q-a-detail/coronavirus-disease-covid-19-ventilation-and-air-conditioning,How can ventilation reduce the risk of contracting COVID-19 in airplanes?,Real
100432,who.int,https://www.who.int/emergencies/diseases/novel-coronavirus-2019/question-and-answers-hub/q-a-detail/coronavirus-disease-covid-19-ventilation-and-air-conditioning-in-health-facilities,What is WHO doing to address ventilation in the context of COVID-19?,Real
100433,who.int,https://www.who.int/emergencies/diseases/novel-coronavirus-2019/question-and-answers-hub/q-a-detail/coronavirus-disease-covid-19-ventilation-and-air-conditioning-in-health-facilities,What are the recommended air ventilation requirements for health facilities?,Real
100434,who.int,https://www.who.int/emergencies/diseases/novel-coronavirus-2019/question-and-answers-hub/q-a-detail/coronavirus-disease-covid-19-ventilation-and-air-conditioning-in-health-facilities,Can the use of air conditioning increase the risk of SARS-CoV-2 transmission in health facilities?,Real
100435,who.int,https://www.who.int/emergencies/diseases/novel-coronavirus-2019/question-and-answers-hub/q-a-detail/coronavirus-disease-covid-19-ventilation-and-air-conditioning-in-health-facilities,Can fans be used in health facilities?,Real
100436,who.int,https://www.who.int/emergencies/diseases/novel-coronavirus-2019/question-and-answers-hub/q-a-detail/coronavirus-disease-covid-19-ventilation-and-air-conditioning-in-health-facilities,What medical procedures are considered aerosol generating in health facilities?,Real
100437,who.int,https://www.who.int/emergencies/diseases/novel-coronavirus-2019/question-and-answers-hub/q-a-detail/coronavirus-disease-covid-19-ventilation-and-air-conditioning-in-public-spaces-and-buildings,What is ventilation?,Real
100438,who.int,https://www.who.int/emergencies/diseases/novel-coronavirus-2019/question-and-answers-hub/q-a-detail/coronavirus-disease-covid-19-ventilation-and-air-conditioning-in-public-spaces-and-buildings,What is WHO doing to address ventilation in the context of COVID-19?,Real
100439,who.int,https://www.who.int/emergencies/diseases/novel-coronavirus-2019/question-and-answers-hub/q-a-detail/coronavirus-disease-covid-19-ventilation-and-air-conditioning-in-public-spaces-and-buildings,What steps can be undertaken to improve the ventilation in indoor public spaces and buildings?,Real
100440,who.int,https://www.who.int/emergencies/diseases/novel-coronavirus-2019/question-and-answers-hub/q-a-detail/coronavirus-disease-covid-19-ventilation-and-air-conditioning-in-public-spaces-and-buildings,"Are there any recommendations for offices, schools and the accommodation sector regarding ventilation and air conditioning use?",Real
100441,who.int,https://www.who.int/emergencies/diseases/novel-coronavirus-2019/question-and-answers-hub/q-a-detail/coronavirus-disease-covid-19-working-in-hotels,What can staff do to stay safe while working at a hotel or other accommodation establishment?,Real
100442,who.int,https://www.who.int/emergencies/diseases/novel-coronavirus-2019/question-and-answers-hub/q-a-detail/coronavirus-disease-covid-19-working-in-hotels,Should staff wear a mask while working?,Real
100443,who.int,https://www.who.int/emergencies/diseases/novel-coronavirus-2019/question-and-answers-hub/q-a-detail/coronavirus-disease-covid-19-working-in-hotels,What should staff do if a guest becomes sick at an accommodation establishment?,Real
100444,who.int,https://www.who.int/emergencies/diseases/novel-coronavirus-2019/question-and-answers-hub/q-a-detail/coronavirus-disease-covid-19-working-in-hotels,What should staff do if they have symptoms?,Real
100445,who.int,https://www.who.int/emergencies/diseases/novel-coronavirus-2019/advice-for-public/myth-busters,Thermal scanners CANNOT detect COVID-19,Real
100446,who.int,https://www.who.int/emergencies/diseases/novel-coronavirus-2019/advice-for-public/myth-busters,Drinking alcohol does not protect you against COVID-19 and can be dangerous,Real
100447,who.int,https://www.who.int/emergencies/diseases/novel-coronavirus-2019/advice-for-public/myth-busters,Most people who get COVID-19 recover from it,Real
100448,who.int,https://www.who.int/emergencies/diseases/novel-coronavirus-2019/advice-for-public/myth-busters,"The prolonged use of medical masks* when properly worn, DOES NOT cause CO2 intoxication nor oxygen deficiency",Real
100449,who.int,https://www.who.int/emergencies/diseases/novel-coronavirus-2019/advice-for-public/myth-busters,"The coronavirus disease (COVID-19) is caused by a virus, NOT by bacteria",Real
100450,who.int,https://www.who.int/emergencies/diseases/novel-coronavirus-2019/advice-for-public/myth-busters,The likelihood of shoes spreading COVID-19 is very low,Real
100451,who.int,https://www.who.int/emergencies/diseases/novel-coronavirus-2019/advice-for-public/myth-busters,People should NOT wear masks while exercising ,Real
100452,who.int,https://www.who.int/emergencies/diseases/novel-coronavirus-2019/advice-for-public/myth-busters,Studies show hydroxychloroquine does not have clinical benefits in treating COVID-19 ,Real
100453,who.int,https://www.who.int/emergencies/diseases/novel-coronavirus-2019/advice-for-public/myth-busters,Vitamin and mineral supplements cannot cure COVID-19,Real
100000,who.int,https://www.who.int/news-room/q-a-detail/q-a-on-mass-gatherings-and-covid-19,"""How large does a meeting or event need to be in order to be a ‚Äúmass gathering‚Äù?""",Real
100001,who.int,https://www.who.int/news-room/q-a-detail/q-a-on-mass-gatherings-and-covid-19,"""Does WHO recommend that all international mass gatherings be cancelled because of COVID-19?""",Real
100002,who.int,https://www.who.int/news-room/q-a-detail/q-a-on-mass-gatherings-and-covid-19,"""What factors should organizers and health authorities look at when assessing whether the risks are acceptable or not?""",Real
100003,who.int,https://www.who.int/news-room/q-a-detail/q-a-on-mass-gatherings-and-covid-19,"""What if my organization does not have the expertise to assess the risks COVID-19 poses for our planned mass gathering?""",Real
100004,who.int,https://www.who.int/news-room/q-a-detail/q-a-on-mass-gatherings-and-covid-19,"""If we go ahead with an international mass gathering, what can we do to reduce the risk of participants catching COVID-19?""",Real
100005,who.int,https://www.who.int/news-room/q-a-detail/q-a-on-mass-gatherings-and-covid-19,"""Where can I find more advice on assessing and managing health risks around international mass gatherings?""",Real
100006,who.int,https://www.who.int/news-room/q-a-detail/q-a-on-mass-gatherings-and-covid-19,"""What should be the criteria for excluding an athlete or other accredited participant from competing?""",Real
100007,who.int,https://www.who.int/news-room/q-a-detail/q-a-on-mass-gatherings-and-covid-19,"""Should event organizers arrange screening at venues beyond national government requirements for point of entry (PoE)?""",Real
100008,who.int,https://www.who.int/news-room/q-a-detail/q-a-on-mass-gatherings-and-covid-19,"""Should event organizers provide COVID-19 testing?""",Real
100009,who.int,https://www.who.int/news-room/q-a-detail/q-a-on-mass-gatherings-and-covid-19,"""Are there additional safeguards event organizers can implement or recommend to athletes/officials/visitors in the context of COVID-19?""",Real
100010,who.int,https://www.who.int/news-room/q-a-detail/q-a-on-mass-gatherings-and-covid-19,"""What are the risks arising from public transport to the venue(s)?""",Real
100011,who.int,https://www.who.int/news-room/q-a-detail/q-a-coronaviruses,"""What is a coronavirus?""",Real
100012,who.int,https://www.who.int/news-room/q-a-detail/q-a-coronaviruses,"""What is COVID-19?""",Real
100013,who.int,https://www.who.int/news-room/q-a-detail/q-a-coronaviruses,"""What are the symptoms of COVID-19?""",Real
100014,who.int,https://www.who.int/news-room/q-a-detail/q-a-coronaviruses,"""How does COVID-19 spread?""",Real
100015,who.int,https://www.who.int/news-room/q-a-detail/q-a-coronaviruses,"""Can the virus that causes COVID-19 be transmitted through the air?""",Real
100016,who.int,https://www.who.int/news-room/q-a-detail/q-a-coronaviruses,"""Can CoVID-19 be caught from a person who has no symptoms?""",Real
100017,who.int,https://www.who.int/news-room/q-a-detail/q-a-coronaviruses,"""Can I catch COVID-19 from the feces of someone with the disease?""",Real
100018,who.int,https://www.who.int/news-room/q-a-detail/q-a-coronaviruses,"""What can I do to protect myself and prevent the spread of disease?""",Real
100019,who.int,https://www.who.int/news-room/q-a-detail/q-a-coronaviruses,"""How likely am I to catch COVID-19?""",Real
100020,who.int,https://www.who.int/news-room/q-a-detail/q-a-coronaviruses,"""Should I worry about COVID-19?""",Real
100021,who.int,https://www.who.int/news-room/q-a-detail/q-a-coronaviruses,"""Who is at risk of developing severe illness?""",Real
100022,who.int,https://www.who.int/news-room/q-a-detail/q-a-coronaviruses,"""Are antibiotics effective in preventing or treating the COVID-19?""",Real
100023,who.int,https://www.who.int/news-room/q-a-detail/q-a-coronaviruses,"""Are there any medicines or therapies that can prevent or cure COVID-19?""",Real
100024,who.int,https://www.who.int/news-room/q-a-detail/q-a-coronaviruses,"""Is there a vaccine, drug or treatment for COVID-19?""",Real
100025,who.int,https://www.who.int/news-room/q-a-detail/q-a-coronaviruses,"""Is COVID-19 the same as SARS?""",Real
100026,who.int,https://www.who.int/news-room/q-a-detail/q-a-coronaviruses,"""Should I wear a mask to protect myself?""",Real
100027,who.int,https://www.who.int/news-room/q-a-detail/q-a-coronaviruses,"""How to put on, use, take off and dispose of a mask?""",Real
100028,who.int,https://www.who.int/news-room/q-a-detail/q-a-coronaviruses,"""How long is the incubation period for COVID-19?""",Real
100029,who.int,https://www.who.int/news-room/q-a-detail/q-a-coronaviruses,"""Can humans become infected with the COVID-19 from an animal source?""",Real
100030,who.int,https://www.who.int/news-room/q-a-detail/q-a-coronaviruses,"""Can I catch COVID-19 from my pet?""",Real
100031,who.int,https://www.who.int/news-room/q-a-detail/q-a-coronaviruses,"""How long does the virus survive on surfaces?""",Real
100032,who.int,https://www.who.int/news-room/q-a-detail/q-a-coronaviruses,"""Is it safe to receive a package from any area where COVID-19 has been reported?""",Real
100033,who.int,https://www.who.int/news-room/q-a-detail/q-a-coronaviruses,"""Is there anything I should not do?""",Real
100034,who.int,https://www.who.int/news-room/q-a-detail/q-a-coronaviruses,"""Is the source of the coronavirus causing COVID-19 known?""",Real
100035,who.int,https://www.who.int/news-room/q-a-detail/q-a-coronaviruses,"""How did the first human SARS-CoV-2 infections occur?""",Real
100036,who.int,https://www.who.int/news-room/q-a-detail/q-a-coronaviruses,"""Can COVID-19 be spread through coins and banknotes?""",Real
100037,who.int,https://www.who.int/news-room/q-a-detail/q-a-coronaviruses,"""How can I grocery shop safely in the time of COVID-19?""",Real
100038,who.int,https://www.who.int/news-room/q-a-detail/q-a-coronaviruses,"""How to wash fruits and vegetables in the time of COVID-19?""",Real
100039,who.int,https://www.who.int/news-room/q-a-detail/q-a-coronaviruses,"""Is COVID-19 airborne?""",Real
100040,who.int,https://www.who.int/news-room/q-a-detail/contraception-family-planning-and-covid-19,"""Is contraception/ family planning safe to use during the COVID-19 pandemic?""",Real
100041,who.int,https://www.who.int/news-room/q-a-detail/contraception-family-planning-and-covid-19,"""I want to avoid getting pregnant during the COVID-19 pandemic. What can I do?""",Real
100042,who.int,https://www.who.int/news-room/q-a-detail/contraception-family-planning-and-covid-19,"""I can‚Äôt access my contraceptive method of choice. What do you advise?""",Real
100043,who.int,https://www.who.int/news-room/q-a-detail/contraception-family-planning-and-covid-19,"""What is the best contraceptive method to use during the COVID-19 pandemic?""",Real
100044,who.int,https://www.who.int/news-room/q-a-detail/contraception-family-planning-and-covid-19,"""I want to change my contraceptive method ‚Äì is this possible?""",Real
100045,who.int,https://www.who.int/news-room/q-a-detail/contraception-family-planning-and-covid-19,"""I want to remove or replace my implant or IUD ‚Äì can I do this during COVID-19 pandemic?""",Real
100046,who.int,https://www.who.int/news-room/q-a-detail/contraception-family-planning-and-covid-19,"""Why is providing contraception/ family planning, as well as family planning services and information, important during the COVID-19 pandemic?""",Real
100047,who.int,https://www.who.int/news-room/q-a-detail/contraception-family-planning-and-covid-19,"""I am a policy maker. What can I do to make sure people can access contraception and family planning information and services?""",Real
100048,who.int,https://www.who.int/news-room/q-a-detail/contraception-family-planning-and-covid-19,"""I am a programme manager. What can I do to help people access contraception and family planning information and services?""",Real
100049,who.int,https://www.who.int/news-room/q-a-detail/q-a-on-infection-prevention-and-control-for-health-care-workers-caring-for-patients-with-suspected-or-confirmed-2019-ncov,"""How can you clean soiled bedding, towels and linens from patients with COVID-19?""",Real
100050,who.int,https://www.who.int/news-room/q-a-detail/q-a-on-infection-prevention-and-control-for-health-care-workers-caring-for-patients-with-suspected-or-confirmed-2019-ncov,"""What are the recommendation regarding disinfection of vehicles, goods and products coming from China or other COVID-19 affected countries?""",Real
100051,who.int,https://www.who.int/news-room/q-a-detail/q-a-on-infection-prevention-and-control-for-health-care-workers-caring-for-patients-with-suspected-or-confirmed-2019-ncov,"""What personal protective equipment (PPE) should be used by healthcare workers (HCW) performing nasopharyngeal (NP) or oropharyngeal (OP) swabs on patients with suspected or confirmed COVID-19?""",Real
100052,who.int,https://www.who.int/news-room/q-a-detail/q-a-on-infection-prevention-and-control-for-health-care-workers-caring-for-patients-with-suspected-or-confirmed-2019-ncov,"""Should blood centers routinely screen blood products for COVID-19 virus?""",Real
100053,who.int,https://www.who.int/news-room/q-a-detail/q-a-on-infection-prevention-and-control-for-health-care-workers-caring-for-patients-with-suspected-or-confirmed-2019-ncov,"""Are boots, impermeable aprons, or coverall suits required as routine personal protective equipment (PE) for healthcare workers (HCW) caring for patients with suspected or confirmed 2019-nCoV infection?""",Real
100054,who.int,https://www.who.int/news-room/q-a-detail/q-a-on-infection-prevention-and-control-for-health-care-workers-caring-for-patients-with-suspected-or-confirmed-2019-ncov,"""Can disposable medical face masks be sterilized and reused?""",Real
100055,who.int,https://www.who.int/news-room/q-a-detail/q-a-on-infection-prevention-and-control-for-health-care-workers-caring-for-patients-with-suspected-or-confirmed-2019-ncov,"""Why does WHO recommend contact and droplet precautions and not routine use of airborne precautions for healthcare workers providing care to patients with suspected/confirmed 2019-nCoV infection?""",Real
100056,who.int,https://www.who.int/news-room/q-a-detail/q-a-on-infection-prevention-and-control-for-health-care-workers-caring-for-patients-with-suspected-or-confirmed-2019-ncov,"""Does WHO recommend routine wearing masks for healthy people during the 2019 nCoV outbreak?""",Real
100057,who.int,https://www.who.int/news-room/q-a-detail/q-a-on-infection-prevention-and-control-for-health-care-workers-caring-for-patients-with-suspected-or-confirmed-2019-ncov,"""Can patients with suspected and confirmed nCoV infection be cohorted in the same room?""",Real
100058,who.int,https://www.who.int/news-room/q-a-detail/q-a-on-infection-prevention-and-control-for-health-care-workers-caring-for-patients-with-suspected-or-confirmed-2019-ncov,"""Do patients with suspected or confirmed 2019-nCoV need to be hospitalized if they have mild illness?""",Real
100059,who.int,https://www.who.int/news-room/q-a-detail/q-a-on-infection-prevention-and-control-for-health-care-workers-caring-for-patients-with-suspected-or-confirmed-2019-ncov,"""Are specialized or referral hospitals required for patients with suspected or confirmed 2019-nCoV infection when hospitalization is needed?""",Real
100060,who.int,https://www.who.int/news-room/q-a-detail/q-a-on-infection-prevention-and-control-for-health-care-workers-caring-for-patients-with-suspected-or-confirmed-2019-ncov,"""What are the disinfectants recommended for environmental cleaning in healthcare facilities or homes housing patients with suspected or confirmed 2019-nCoV infection?""",Real
100061,who.int,https://www.who.int/news-room/q-a-detail/q-a-on-infection-prevention-and-control-for-health-care-workers-caring-for-patients-with-suspected-or-confirmed-2019-ncov,"""How long the 2019-nCoV can survive on a dry surface?""",Real
100062,who.int,https://www.who.int/news-room/q-a-detail/q-a-on-infection-prevention-and-control-for-health-care-workers-caring-for-patients-with-suspected-or-confirmed-2019-ncov,"""Is there a special procedure regarding waste produced by patients with suspected or confirmed 2019-nCoV?""",Real
100063,who.int,https://www.who.int/news-room/q-a-detail/q-a-on-infection-prevention-and-control-for-health-care-workers-caring-for-patients-with-suspected-or-confirmed-2019-ncov,"""Are there special procedures for the management of bodies of persons who have died from 2019-nCoV?""",Real
100064,who.int,https://www.who.int/news-room/q-a-detail/q-a-on-infection-prevention-and-control-for-health-care-workers-caring-for-patients-with-suspected-or-confirmed-2019-ncov,"""Is there a model for setting up an isolation ward and types and products and health requirements?""",Real
100065,who.int,https://www.who.int/news-room/q-a-detail/q-a-on-infection-prevention-and-control-for-health-care-workers-caring-for-patients-with-suspected-or-confirmed-2019-ncov,"""Can chlorine solutions also be used?""",Real
100066,who.int,https://www.who.int/news-room/q-a-detail/be-active-during-covid-19,"""What is physical activity?""",Real
100067,who.int,https://www.who.int/news-room/q-a-detail/be-active-during-covid-19,"""Why do we need it?""",Real
100068,who.int,https://www.who.int/news-room/q-a-detail/be-active-during-covid-19,"""How much physical activity is recommended?""",Real
100069,who.int,https://www.who.int/news-room/q-a-detail/be-active-during-covid-19,"""So how do I stay safe while exercising in COVID-19?""",Real
100070,who.int,https://www.who.int/news-room/q-a-detail/be-active-during-covid-19,"""How do I stay active in and around the home?""",Real
100071,who.int,https://www.who.int/news-room/q-a-detail/malaria-and-the-covid-19-pandemic,"""How many malaria-affected countries have reported cases of COVID-19?""",Real
100072,who.int,https://www.who.int/news-room/q-a-detail/malaria-and-the-covid-19-pandemic,"""Should core malaria vector control interventions be maintained in view of the rapid global spread of COVID-19?""",Real
100073,who.int,https://www.who.int/news-room/q-a-detail/malaria-and-the-covid-19-pandemic,"""Should WHO-recommended preventive therapies be maintained in sub-Saharan Africa?""",Real
100074,who.int,https://www.who.int/news-room/q-a-detail/malaria-and-the-covid-19-pandemic,"""Are there any changes to WHO guidance with respect to malaria diagnosis and treatment?""",Real
100075,who.int,https://www.who.int/news-room/q-a-detail/malaria-and-the-covid-19-pandemic,"""What additional special measures may be needed in the context of COVID-19?""",Real
100076,who.int,https://www.who.int/news-room/q-a-detail/malaria-and-the-covid-19-pandemic,"""Why is WHO particularly concerned about the spread of COVID-19 in malaria-affected areas?""",Real
100077,who.int,https://www.who.int/news-room/q-a-detail/malaria-and-the-covid-19-pandemic,"""What are the key considerations for countries that are working to eliminate malaria or prevent re-establishment of transmission?""",Real
100078,who.int,https://www.who.int/news-room/q-a-detail/malaria-and-the-covid-19-pandemic,"""Have there been disruptions in the global supply of key malaria-related commodities as a result of the COVID-19 pandemic?""",Real
100079,who.int,https://www.who.int/news-room/q-a-detail/malaria-and-the-covid-19-pandemic,"""What is WHO doing to support malaria-affected countries in the context of COVID-19?""",Real
100080,who.int,https://www.who.int/news-room/q-a-detail/malaria-and-the-covid-19-pandemic,"""What is WHO‚Äôs position on the use of chloroquine and hydroxychloroquine in the context of the COVID-19 response?""",Real
100081,who.int,https://www.who.int/news-room/q-a-detail/q-a-on-covid-19-hiv-and-antiretrovirals,"""Are people living with HIV at increased risk of being infected with the virus that causes COVID-19?""",Real
100082,who.int,https://www.who.int/news-room/q-a-detail/q-a-on-covid-19-hiv-and-antiretrovirals,"""Can antiretrovirals be used to treat COVID-19?""",Real
100083,who.int,https://www.who.int/news-room/q-a-detail/q-a-on-covid-19-hiv-and-antiretrovirals,"""Can antiretrovirals be used to prevent COVID-19 infection?""",Real
100084,who.int,https://www.who.int/news-room/q-a-detail/q-a-on-covid-19-hiv-and-antiretrovirals,"""What studies on treatment and prevention of COVID-19 with antiretrovirals are being planned?""",Real
100085,who.int,https://www.who.int/news-room/q-a-detail/q-a-on-covid-19-hiv-and-antiretrovirals,"""What is WHO‚Äôs position on the use of antiretrovirals for the treatment of COVID-19?""",Real
100086,who.int,https://www.who.int/news-room/q-a-detail/q-a-on-covid-19-hiv-and-antiretrovirals,"""What is WHO‚Äôs position on use of corticosteroids for the treatment of COVID-19?""",Real
100087,who.int,https://www.who.int/news-room/q-a-detail/q-a-on-covid-19-hiv-and-antiretrovirals,"""If countries use antiretrovirals for COVID-19, are there concerns about treatment shortages for people living with HIV?""",Real
100088,who.int,https://www.who.int/news-room/q-a-detail/q-a-on-covid-19-hiv-and-antiretrovirals,"""How do we ensure human rights and reduce stigma and discrimination?""",Real
100089,who.int,https://www.who.int/news-room/q-a-detail/q-a-on-covid-19-hiv-and-antiretrovirals,"""How can programmes assure continued access to HIV services?""",Real
100090,who.int,https://www.who.int/news-room/q-a-detail/q-a-on-covid-19-hiv-and-antiretrovirals,"""What is the role multi-month prescriptions and dispensing for antiretrovirals and other medicines?""",Real
100091,who.int,https://www.who.int/news-room/q-a-detail/q-a-on-covid-19-hiv-and-antiretrovirals,"""Can pregnant or postpartum women living with HIV transmit the COVID-19 virus to their unborn child or infant?""",Real
100092,who.int,https://www.who.int/news-room/q-a-detail/q-a-on-covid-19-hiv-and-antiretrovirals,"""Should pregnant and breastfeeding women living with HIV with COVID-19 and their newborns be managed differently?""",Real
100093,who.int,https://www.who.int/news-room/q-a-detail/q-a-on-covid-19-pregnancy-childbirth-and-breastfeeding,"""Are pregnant women at higher risk from COVID-19?""",Real
100094,who.int,https://www.who.int/news-room/q-a-detail/q-a-on-covid-19-pregnancy-childbirth-and-breastfeeding,"""I‚Äôm pregnant. How can I protect myself against COVID-19?""",Real
100095,who.int,https://www.who.int/news-room/q-a-detail/q-a-on-covid-19-pregnancy-childbirth-and-breastfeeding,"""Should pregnant women be tested for COVID-19?""",Real
100096,who.int,https://www.who.int/news-room/q-a-detail/q-a-on-covid-19-pregnancy-childbirth-and-breastfeeding,"""Can COVID-19 be passed from a woman to her unborn or newborn baby?""",Real
100097,who.int,https://www.who.int/news-room/q-a-detail/q-a-on-covid-19-pregnancy-childbirth-and-breastfeeding,"""What care should be available during pregnancy and childbirth?""",Real
100098,who.int,https://www.who.int/news-room/q-a-detail/q-a-on-covid-19-pregnancy-childbirth-and-breastfeeding,"""Do pregnant women with suspected or confirmed COVID-19 need to give birth by caesarean section?""",Real
100099,who.int,https://www.who.int/news-room/q-a-detail/q-a-on-covid-19-pregnancy-childbirth-and-breastfeeding,"""Can women with COVID-19 breastfeed?""",Real
100100,who.int,https://www.who.int/news-room/q-a-detail/q-a-on-covid-19-pregnancy-childbirth-and-breastfeeding,"""Can I touch and hold my newborn baby if I have COVID-19?""",Real
100101,who.int,https://www.who.int/news-room/q-a-detail/q-a-on-covid-19-pregnancy-childbirth-and-breastfeeding,"""I have COVID-19 and am too unwell to breastfeed my baby directly. What can I do?""",Real
100102,who.int,https://www.who.int/news-room/q-a-detail/q-a-similarities-and-differences-covid-19-and-influenza,"""How are COVID-19 and influenza viruses similar?""",Real
100103,who.int,https://www.who.int/news-room/q-a-detail/q-a-similarities-and-differences-covid-19-and-influenza,"""How are COVID-19 and influenza viruses different?""",Real
100104,who.int,https://www.who.int/news-room/q-a-detail/q-a-similarities-and-differences-covid-19-and-influenza,"""What medical interventions are available for COVID-19 and influenza viruses?""",Real
100105,twitter.com,https://twitter.com/search?f=live&q=%22Q%3A%22%20(%23COVID19%20OR%20%23OR%20OR%20%23coronavirus%20OR%20%23OR%20OR%20%232019nCov)%20(from%3AWHO)&src=typed_query,"""How should I wash fruit and vegetables in the time of #COVID19?""",Real
100106,twitter.com,https://twitter.com/search?f=live&q=%22Q%3A%22%20(%23COVID19%20OR%20%23OR%20OR%20%23coronavirus%20OR%20%23OR%20OR%20%232019nCov)%20(from%3AWHO)&src=typed_query,"""How can I grocery shop safely in the time of #COVID19?""",Real
100107,twitter.com,https://twitter.com/search?f=live&q=%22Q%3A%22%20(%23COVID19%20OR%20%23OR%20OR%20%23coronavirus%20OR%20%23OR%20OR%20%232019nCov)%20(from%3AWHO)&src=typed_query,"""Can #COVID19 be spread through coins and banknotes?""",Real
100108,twitter.com,https://twitter.com/search?f=live&q=%22Q%3A%22%20(%23COVID19%20OR%20%23OR%20OR%20%23coronavirus%20OR%20%23OR%20OR%20%232019nCov)%20(from%3AWHO)&src=typed_query,"""What can I do to protect myself from #coronavirus?""",Real
100109,twitter.com,https://twitter.com/search?f=live&q=%22Q%3A%22%20(%23COVID19%20OR%20%23OR%20OR%20%23coronavirus%20OR%20%23OR%20OR%20%232019nCov)%20(from%3AWHO)&src=typed_query,"""Could #ibuprofen worsen disease for people with #COVID19?""",Real
100110,twitter.com,https://twitter.com/search?f=live&q=%22Q%3A%22%20(%23COVID19%20OR%20%23OR%20OR%20%23coronavirus%20OR%20%23OR%20OR%20%232019nCov)%20(from%3AWHO)&src=typed_query,"""Is wearing rubber gloves while out in the public effective in preventing the new coronavirus infection?""",Real
100111,twitter.com,https://twitter.com/search?f=live&q=%22Q%3A%22%20(%23COVID19%20OR%20%23OR%20OR%20%23coronavirus%20OR%20%23OR%20OR%20%232019nCov)%20(from%3AWHO)&src=typed_query,"""How should I greet another person to avoid catching the new #coronavirus?""",Real
100112,twitter.com,https://twitter.com/search?f=live&q=%22Q%3A%22%20(%23COVID19%20OR%20%23OR%20OR%20%23coronavirus%20OR%20%23OR%20OR%20%232019nCov)%20(from%3AWHO)&src=typed_query,"""Should I avoid shaking hands because of the new #coronavirus?""",Real
100113,twitter.com,https://twitter.com/search?f=live&q=%22Q%3A%22%20(%23COVID19%20OR%20%23OR%20OR%20%23coronavirus%20OR%20%23OR%20OR%20%232019nCov)%20(from%3AWHO)&src=typed_query,"""How are #COVID19 & influenza viruses different?""",Real
100114,twitter.com,https://twitter.com/search?f=live&q=%22Q%3A%22%20(%23COVID19%20OR%20%23OR%20OR%20%23coronavirus%20OR%20%23OR%20OR%20%232019nCov)%20(from%3AWHO)&src=typed_query,"""How are #COVID19 & influenza viruses similar?""",Real
100115,twitter.com,https://twitter.com/search?f=live&q=%22Q%3A%22%20(%23COVID19%20OR%20%23OR%20OR%20%23coronavirus%20OR%20%23OR%20OR%20%232019nCov)%20(from%3AWHO)&src=typed_query,"""What can I do to protect myself from #COVID19?""",Real
100116,twitter.com,https://twitter.com/search?f=live&q=%22Q%3A%22%20(%23COVID19%20OR%20%23OR%20OR%20%23coronavirus%20OR%20%23OR%20OR%20%232019nCov)%20(from%3AWHO)&src=typed_query,"""Should I wear a #mask to protect myself from #2019nCoV?""",Real
100117,twitter.com,https://twitter.com/search?f=live&q=%22Q%3A%22%20(%23COVID19%20OR%20%23OR%20OR%20%23coronavirus%20OR%20%23OR%20OR%20%232019nCov)%20(from%3AWHO)&src=typed_query,"""How long does #2019nCoV survive on surfaces? """,Real
100118,twitter.com,https://twitter.com/search?f=live&q=%22Q%3A%22%20(%23COVID19%20OR%20%23OR%20OR%20%23coronavirus%20OR%20%23OR%20OR%20%232019nCov)%20(from%3AWHO)&src=typed_query,"""Can #2019nCoV be caught from a person who presents no symptoms? """,Real
100119,twitter.com,https://twitter.com/search?f=live&q=%22Q%3A%22%20(%23COVID19%20OR%20%23OR%20OR%20%23coronavirus%20OR%20%23OR%20OR%20%232019nCov)%20(from%3AWHO)&src=typed_query,"""Can the #2019nCoV be transmitted from person to person?""",Real
100120,twitter.com,https://twitter.com/search?f=live&q=%22Q%3A%22%20(%23COVID19%20OR%20%23OR%20OR%20%23coronavirus%20OR%20%23OR%20OR%20%232019nCov)%20(from%3AWHO)&src=typed_query,"""How does #2019nCoV spread? """,Real
100121,twitter.com,https://twitter.com/search?f=live&q=%22Q%3A%22%20(%23COVID19%20OR%20%23OR%20OR%20%23coronavirus%20OR%20%23OR%20OR%20%232019nCov)%20(from%3AWHO)&src=typed_query,"""Who is at risk of developing severe symptoms from #2019nCoV? """,Real
100122,twitter.com,https://twitter.com/search?f=live&q=%22Q%3A%22%20(%23COVID19%20OR%20%23OR%20OR%20%23coronavirus%20OR%20%23OR%20OR%20%232019nCov)%20(from%3AWHO)&src=typed_query,"""Who can catch the #2019nCoV? """,Real
100123,twitter.com,https://twitter.com/search?f=live&q=%22Q%3A%22%20(%23COVID19%20OR%20%23OR%20OR%20%23coronavirus%20OR%20%23OR%20OR%20%232019nCov)%20(from%3AWHO)&src=typed_query,"""How dangerous is the #2019nCoV? """,Real
100124,twitter.com,https://twitter.com/search?f=live&q=%22Q%3A%22%20(%23COVID19%20OR%20%23OR%20OR%20%23coronavirus%20OR%20%23OR%20OR%20%232019nCov)%20(from%3AWHO)&src=typed_query,"""Can regularly rinsing your nose with saline solution help prevent infection with #2019nCoV?""",Real
100125,twitter.com,https://twitter.com/search?f=live&q=%22Q%3A%22%20(%23COVID19%20OR%20%23OR%20OR%20%23coronavirus%20OR%20%23OR%20OR%20%232019nCov)%20(from%3AWHO)&src=typed_query,"""Can gargling mouthwash protect you from infection with the #2019nCoV?""",Real
100126,twitter.com,https://twitter.com/search?f=live&q=%22Q%3A%22%20(%23COVID19%20OR%20%23OR%20OR%20%23coronavirus%20OR%20%23OR%20OR%20%232019nCov)%20(from%3AWHO)&src=typed_query,"""Can eating garlic help prevent infection with #2019nCoV?""",Real
100127,twitter.com,https://twitter.com/search?f=live&q=%22Q%3A%22%20(%23COVID19%20OR%20%23OR%20OR%20%23coronavirus%20OR%20%23OR%20OR%20%232019nCov)%20(from%3AWHO)&src=typed_query,"""Is it safe to receive a letter or a package from China?""",Real
100128,twitter.com,https://twitter.com/search?f=live&q=%22Q%3A%22%20(%23COVID19%20OR%20%23OR%20OR%20%23coronavirus%20OR%20%23OR%20OR%20%232019nCov)%20(from%3AWHO)&src=typed_query,"""Do vaccines against pneumonia protect you against #2019nCoV?""",Real
100129,twitter.com,https://twitter.com/search?f=live&q=%22Q%3A%22%20(%23COVID19%20OR%20%23OR%20OR%20%23coronavirus%20OR%20%23OR%20OR%20%232019nCov)%20(from%3AWHO)&src=typed_query,"""How are people appointed to the expert advisory panel of the International Health Regulations Emergency Committee?""",Real
100130,twitter.com,https://twitter.com/search?f=live&q=%22Q%3A%22%20(%23COVID19%20OR%20%23OR%20OR%20%23coronavirus%20OR%20%23OR%20OR%20%232019nCov)%20(from%3AWHO)&src=typed_query,"""How are the members of an International Health Regulations Emergency Committee chosen?""",Real
100131,twitter.com,https://twitter.com/search?f=live&q=%22Q%3A%22%20(%23COVID19%20OR%20%23OR%20OR%20%23coronavirus%20OR%20%23OR%20OR%20%232019nCov)%20(from%3AWHO)&src=typed_query,"""Who are the members and advisers of the International Health Regulations Emergency Committee on the new #coronavirus (2019-nCoV)?""",Real
100132,twitter.com,https://twitter.com/search?f=live&q=%22Q%3A%22%20(%23COVID19%20OR%20%23OR%20OR%20%23coronavirus%20OR%20%23OR%20OR%20%232019nCov)%20(from%3AWHO)&src=typed_query,"""Who are the members of an International Health Regulations Emergency Committee?""",Real
100133,twitter.com,https://twitter.com/search?f=live&q=%22Q%3A%22%20(%23COVID19%20OR%20%23OR%20OR%20%23coronavirus%20OR%20%23OR%20OR%20%232019nCov)%20(from%3AWHO)&src=typed_query,"""How does the International Health Regulations Emergency Committee work?""",Real
100134,twitter.com,https://twitter.com/search?f=live&q=%22Q%3A%22%20(%23COVID19%20OR%20%23OR%20OR%20%23coronavirus%20OR%20%23OR%20OR%20%232019nCov)%20(from%3AWHO)&src=typed_query,"""What are the International Health Regulations?""",Real
100135,twitter.com,https://twitter.com/search?f=live&q=%22Q%3A%22%20(%23COVID19%20OR%20%23OR%20OR%20%23coronavirus%20OR%20%23OR%20OR%20%232019nCov)%20(from%3AWHO)&src=typed_query,"""Are there any specific medicines to prevent or treat the new #coronavirus (2019-nCoV)?""",Real
100136,twitter.com,https://twitter.com/search?f=live&q=%22Q%3A%22%20(%23COVID19%20OR%20%23OR%20OR%20%23coronavirus%20OR%20%23OR%20OR%20%232019nCov)%20(from%3AWHO)&src=typed_query,"""Can pets at home spread the new #coronavirus (2019-nCoV)?""",Real
100137,twitter.com,https://twitter.com/search?f=live&q=%22Q%3A%22%20(%23COVID19%20OR%20%23OR%20OR%20%23coronavirus%20OR%20%23OR%20OR%20%232019nCov)%20(from%3AWHO)&src=typed_query,"""Does the new #coronavirus (2019-nC0V) affect older people, or are younger people also susceptible?""",Real
100138,twitter.com,https://twitter.com/search?f=live&q=%22Q%3A%22%20(%23COVID19%20OR%20%23OR%20OR%20%23coronavirus%20OR%20%23OR%20OR%20%232019nCov)%20(from%3AWHO)&src=typed_query,"""Are antibiotics effective in preventing and treating the new #coronavirus (2019-nCoV)?""",Real
100139,twitter.com,https://twitter.com/search?f=live&q=%22Q%3A%22%20(%23COVID19%20OR%20%23OR%20OR%20%23coronavirus%20OR%20%23OR%20OR%20%232019nCov)%20(from%3AWHO)&src=typed_query,"""Is there a treatment for a novel #coronavirus infection?""",Real
100140,twitter.com,https://twitter.com/search?f=live&q=%22Q%3A%22%20(%23COVID19%20OR%20%23OR%20OR%20%23coronavirus%20OR%20%23OR%20OR%20%232019nCov)%20(from%3AWHO)&src=typed_query,"""What are the symptoms of #coronavirus infection?""",Real
100141,twitter.com,https://twitter.com/search?f=live&q=%22Q%3A%22%20(%23COVID19%20OR%20%23OR%20OR%20%23coronavirus%20OR%20%23OR%20OR%20%232019nCov)%20(from%3AWHO)&src=typed_query,"""What is a novel #coronavirus?""",Real
100142,twitter.com,https://twitter.com/search?f=live&q=%22Q%3A%22%20(%23COVID19%20OR%20%23OR%20OR%20%23coronavirus%20OR%20%23OR%20OR%20%232019nCov)%20(from%3AWHO)&src=typed_query,"""What is a #coronavirus?""",Real
100143,who.int,https://www.who.int/emergencies/diseases/novel-coronavirus-2019/advice-for-public/myth-busters,"""There are currently no drugs licensed for the treatment or prevention of COVID-19""",Real
100144,who.int,https://www.who.int/emergencies/diseases/novel-coronavirus-2019/advice-for-public/myth-busters,"""Adding pepper to your soup or other meals DOES NOT prevent or cure COVID-19""",Real
100145,who.int,https://www.who.int/emergencies/diseases/novel-coronavirus-2019/advice-for-public/myth-busters,"""COVID-19 IS NOT transmitted through houseflies""",Real
100146,who.int,https://www.who.int/emergencies/diseases/novel-coronavirus-2019/advice-for-public/myth-busters,"""Spraying and introducing bleach or another disinfectant into your body WILL NOT protect you against COVID-19 and can be dangerous""",Real
100147,who.int,https://www.who.int/emergencies/diseases/novel-coronavirus-2019/advice-for-public/myth-busters,"""Drinking methanol, ethanol or bleach DOES NOT prevent or cure COVID-19 and can be extremely dangerous""",Real
100148,who.int,https://www.who.int/emergencies/diseases/novel-coronavirus-2019/advice-for-public/myth-busters,"""5G mobile networks DO NOT spread COVID-19""",Real
100149,who.int,https://www.who.int/emergencies/diseases/novel-coronavirus-2019/advice-for-public/myth-busters,"""Exposing yourself to the sun or to temperatures higher than 25C degrees DOES NOT prevent the coronavirus disease (COVID-19)""",Real
100150,who.int,https://www.who.int/emergencies/diseases/novel-coronavirus-2019/advice-for-public/myth-busters,"""You can recover from the coronavirus disease (COVID-19). Catching the new coronavirus DOES NOT mean you will have it for life.""",Real
100151,who.int,https://www.who.int/emergencies/diseases/novel-coronavirus-2019/advice-for-public/myth-busters,"""Being able to hold your breath for 10 seconds or more without coughing or feeling discomfort DOES NOT mean you are free from the coronavirus disease (COVID-19) or any other lung disease.""",Real
100152,who.int,https://www.who.int/emergencies/diseases/novel-coronavirus-2019/advice-for-public/myth-busters,"""Drinking alcohol does not protect you against COVID-19 and can be dangerous""",Real
100153,who.int,https://www.who.int/emergencies/diseases/novel-coronavirus-2019/advice-for-public/myth-busters,"""COVID-19 virus can be transmitted in areas with hot and humid climates""",Real
100154,who.int,https://www.who.int/emergencies/diseases/novel-coronavirus-2019/advice-for-public/myth-busters,"""Cold weather and snow CANNOT kill the new coronavirus.""",Real
100155,who.int,https://www.who.int/emergencies/diseases/novel-coronavirus-2019/advice-for-public/myth-busters,"""Taking a hot bath does not prevent the new coronavirus disease""",Real
100156,who.int,https://www.who.int/emergencies/diseases/novel-coronavirus-2019/advice-for-public/myth-busters,"""The new coronavirus CANNOT be transmitted through mosquito bites.""",Real
100157,who.int,https://www.who.int/emergencies/diseases/novel-coronavirus-2019/advice-for-public/myth-busters,"""Are hand dryers effective in killing the new coronavirus?""",Real
100158,who.int,https://www.who.int/emergencies/diseases/novel-coronavirus-2019/advice-for-public/myth-busters,"""Ultra-violet (UV) lamps should not be used to disinfect hands or other areas of your skin""",Real
100159,who.int,https://www.who.int/emergencies/diseases/novel-coronavirus-2019/advice-for-public/myth-busters,"""How effective are thermal scanners in detecting people infected with the new coronavirus?""",Real
100160,who.int,https://www.who.int/emergencies/diseases/novel-coronavirus-2019/advice-for-public/myth-busters,"""Do vaccines against pneumonia protect you against the new coronavirus?""",Real
100161,who.int,https://www.who.int/emergencies/diseases/novel-coronavirus-2019/advice-for-public/myth-busters,"""Can regularly rinsing your nose with saline help prevent infection with the new coronavirus?""",Real
100162,who.int,https://www.who.int/emergencies/diseases/novel-coronavirus-2019/advice-for-public/myth-busters,"""Can eating garlic help prevent infection with the new coronavirus?""",Real
100163,who.int,https://www.who.int/emergencies/diseases/novel-coronavirus-2019/advice-for-public/myth-busters,"""Does the new coronavirus affect older people, or are younger people also susceptible?""",Real
100164,who.int,https://www.who.int/emergencies/diseases/novel-coronavirus-2019/advice-for-public/myth-busters,"""Are antibiotics effective in preventing and treating the new coronavirus?""",Real
100165,who.int,https://www.who.int/emergencies/diseases/novel-coronavirus-2019/advice-for-public/myth-busters,"""Are there any specific medicines to prevent or treat the new coronavirus?""",Real
100166,who.int,https://www.who.int/emergencies/diseases/novel-coronavirus-2019/advice-for-public/myth-busters,People should NOT wear masks while exercising,Real
100167,who.int,https://www.who.int/emergencies/diseases/novel-coronavirus-2019/advice-for-public/myth-busters,The likelihood of shoes spreading COVID-19 is very low,Real
100168,who.int,https://www.who.int/emergencies/diseases/novel-coronavirus-2019/advice-for-public/myth-busters,The coronavirus disease (COVID-19) is caused by a virus NOT by bacteria,Real
100169,who.int,https://www.who.int/emergencies/diseases/novel-coronavirus-2019/advice-for-public/myth-busters,The prolonged use of medical masks* when properly worn DOES NOT cause CO2 intoxication nor oxygen deficiency,Real
100170,who.int,https://www.who.int/emergencies/diseases/novel-coronavirus-2019/advice-for-public/myth-busters,Most people who get COVID-19 recover from it,Real
100171,who.int,https://www.who.int/emergencies/diseases/novel-coronavirus-2019/advice-for-public/myth-busters,Drinking alcohol does not protect you against COVID-19 and can be dangerous,Real
100172,who.int,https://www.who.int/emergencies/diseases/novel-coronavirus-2019/advice-for-public/myth-busters,Thermal scanners CANNOT detect COVID-19,Real
100173,who.int,https://www.who.int/emergencies/diseases/novel-coronavirus-2019/advice-for-public/myth-busters,There are currently no drugs licensed for the treatment or prevention of COVID-19,Real
100174,who.int,https://www.who.int/emergencies/diseases/novel-coronavirus-2019/advice-for-public/myth-busters,Adding pepper to your soup or other meals DOES NOT prevent or cure COVID-19,Real
100175,who.int,https://www.who.int/emergencies/diseases/novel-coronavirus-2019/advice-for-public/myth-busters,COVID-19 is NOT transmitted through houseflies,Real
100176,who.int,https://www.who.int/emergencies/diseases/novel-coronavirus-2019/advice-for-public/myth-busters,Spraying and introducing bleach or another disinfectant into your body WILL NOT protect you against COVID-19 and can be dangerous,Real
100177,who.int,https://www.who.int/emergencies/diseases/novel-coronavirus-2019/advice-for-public/myth-busters,Drinking methanol ethanol or bleach DOES NOT prevent or cure COVID-19 and can be extremely dangerous,Real
100178,who.int,https://www.who.int/emergencies/diseases/novel-coronavirus-2019/question-and-answers-hub/q-a-detail/q-a-considerations-for-the-cleaning-and-disinfection-of-environmental-surfaces-in-the-context-of-covid-19-in-non-health-care-settings,What areas should be prioritized for disinfection in non-health care settings?,Real
100179,who.int,https://www.who.int/emergencies/diseases/novel-coronavirus-2019/question-and-answers-hub/q-a-detail/q-a-considerations-for-the-cleaning-and-disinfection-of-environmental-surfaces-in-the-context-of-covid-19-in-non-health-care-settings,Which surface disinfectants are effective against COVID-19 in non-health care setting environments?,Real
100180,who.int,https://www.who.int/emergencies/diseases/novel-coronavirus-2019/question-and-answers-hub/q-a-detail/q-a-considerations-for-the-cleaning-and-disinfection-of-environmental-surfaces-in-the-context-of-covid-19-in-non-health-care-settings,What protection measures should people take when using disinfectants?,Real
100181,who.int,https://www.who.int/emergencies/diseases/novel-coronavirus-2019/question-and-answers-hub/q-a-detail/q-a-considerations-for-the-cleaning-and-disinfection-of-environmental-surfaces-in-the-context-of-covid-19-in-non-health-care-settings,What is the guidance for the disinfection of outdoor spaces such as open markets roads?,Real
100182,who.int,https://www.who.int/emergencies/diseases/novel-coronavirus-2019/question-and-answers-hub/q-a-detail/q-a-considerations-for-the-cleaning-and-disinfection-of-environmental-surfaces-in-the-context-of-covid-19-in-non-health-care-settings,Are public systems for disinfecting individuals such as spraying via tunnel or chambers safe to use?,Real
100183,who.int,https://www.who.int/emergencies/diseases/novel-coronavirus-2019/question-and-answers-hub/q-a-detail/q-a-considerations-for-the-cleaning-and-disinfection-of-environmental-surfaces-in-the-context-of-covid-19-in-non-health-care-settings,What are the recommended practices once back home after outdoor activities?,Real
100184,who.int,https://www.who.int/emergencies/diseases/novel-coronavirus-2019/question-and-answers-hub/q-a-detail/q-a-considerations-for-the-cleaning-and-disinfection-of-environmental-surfaces-in-the-context-of-covid-19-in-non-health-care-settings,Are gloves recommended for the community in public spaces to protect against COVID-19 for example when going to the grocery store supermarket?,Real
100185,who.int,https://www.who.int/emergencies/diseases/novel-coronavirus-2019/question-and-answers-hub/q-a-detail/q-a-considerations-for-the-cleaning-and-disinfection-of-environmental-surfaces-in-the-context-of-covid-19-in-non-health-care-settings,How should I clean food items from the grocery store for example fruit vegetables or packaged items?,Real
100186,who.int,https://www.who.int/emergencies/diseases/novel-coronavirus-2019/question-and-answers-hub/q-a-detail/q-a-serology-and-covid-19,What is serology?,Real
100187,who.int,https://www.who.int/emergencies/diseases/novel-coronavirus-2019/question-and-answers-hub/q-a-detail/q-a-serology-and-covid-20,What is the difference between molecular testing and serologic testing?,Real
100188,who.int,https://www.who.int/emergencies/diseases/novel-coronavirus-2019/question-and-answers-hub/q-a-detail/q-a-serology-and-covid-21,Does the presence of antibodies mean that a person is immune?,Real
100189,who.int,https://www.who.int/emergencies/diseases/novel-coronavirus-2019/question-and-answers-hub/q-a-detail/q-a-serology-and-covid-22,How is WHO using serology as part of its response?,Real
100190,who.int,https://www.who.int/emergencies/diseases/novel-coronavirus-2019/question-and-answers-hub/q-a-detail/q-a-serology-and-covid-23,What are the expected results from serologic studies?,Real
100191,who.int,https://www.who.int/emergencies/diseases/novel-coronavirus-2019/question-and-answers-hub/q-a-detail/q-a-serology-and-covid-24,When can we expect results?,Real
100192,who.int,https://www.who.int/emergencies/diseases/novel-coronavirus-2019/question-and-answers-hub/q-a-detail/q-a-serology-and-covid-25,What are the limitations of serology for a novel pathogen?,Real
100193,who.int,https://www.who.int/emergencies/diseases/novel-coronavirus-2019/question-and-answers-hub/q-a-detail/q-a-serology-and-covid-26,What are the results of seroepidemiology studies?,Real
100194,who.int,https://www.who.int/emergencies/diseases/novel-coronavirus-2019/question-and-answers-hub/q-a-detail/q-a-serology-and-covid-27,What do these results mean?,Real
100195,who.int,https://www.who.int/emergencies/diseases/novel-coronavirus-2019/question-and-answers-hub/q-a-detail/q-a-serology-and-covid-28,What is herd immunity?,Real
100196,who.int,https://www.who.int/emergencies/diseases/novel-coronavirus-2019/question-and-answers-hub/q-a-detail/q-a-serology-and-covid-29,What is an immunity passport or a risk-free certificate and what is WHOís view of this?,Real
100197,who.int,https://www.who.int/emergencies/diseases/novel-coronavirus-2019/question-and-answers-hub/q-a-detail/q-a-on-covid-19-and-masks,What is WHOís view on masks?,Real
100198,who.int,https://www.who.int/emergencies/diseases/novel-coronavirus-2019/question-and-answers-hub/q-a-detail/q-a-on-covid-19-and-masks,Does WHO advise the use of non-medical fabric masks in the general public?,Real
100199,who.int,https://www.who.int/emergencies/diseases/novel-coronavirus-2019/question-and-answers-hub/q-a-detail/q-a-on-covid-19-and-masks,What is WHO recommending to countries that are considering the use of masks for the general public?,Real
100200,who.int,https://www.who.int/emergencies/diseases/novel-coronavirus-2019/question-and-answers-hub/q-a-detail/q-a-on-covid-19-and-masks,What types of masks are used against the spread of COVID-19?,Real
100201,who.int,https://www.who.int/emergencies/diseases/novel-coronavirus-2019/question-and-answers-hub/q-a-detail/q-a-on-covid-19-and-masks,Which individuals should wear medical masks in the context of COVID-19 according to WHO?,Real
100202,who.int,https://www.who.int/emergencies/diseases/novel-coronavirus-2019/question-and-answers-hub/q-a-detail/q-a-on-covid-19-and-masks,How should I use and wear a medical mask?,Real
100203,who.int,https://www.who.int/emergencies/diseases/novel-coronavirus-2019/question-and-answers-hub/q-a-detail/q-a-on-covid-19-and-masks,Does WHO recommend the use of fabric masks for the general public?,Real
100204,who.int,https://www.who.int/emergencies/diseases/novel-coronavirus-2019/question-and-answers-hub/q-a-detail/q-a-on-covid-19-and-masks,Since there are many types of fabric masks available does WHO have any guidance on which masks to use?,Real
100205,who.int,https://www.who.int/emergencies/diseases/novel-coronavirus-2019/question-and-answers-hub/q-a-detail/q-a-on-covid-19-and-masks,How should I wear and care for a fabric mask?,Real
100206,who.int,https://www.who.int/emergencies/diseases/novel-coronavirus-2019/question-and-answers-hub/q-a-detail/q-a-on-covid-19-and-masks,Does WHO recommend the use of gloves in the community to prevent transmission of COVID-19?,Real
100207,who.int,https://www.who.int/emergencies/diseases/novel-coronavirus-2019/question-and-answers-hub/q-a-detail/q-a-on-covid-19-and-masks,What are the key measures all people should do to protect themselves and others in the context of the COVID-19 pandemic?,Real
100208,who.int,https://www.who.int/emergencies/diseases/novel-coronavirus-2019/question-and-answers-hub/q-a-detail/q-a-on-on-covid-19-for-older-people,Who is at risk of developing severe disease?,Real
100209,who.int,https://www.who.int/emergencies/diseases/novel-coronavirus-2019/question-and-answers-hub/q-a-detail/q-a-on-on-covid-19-for-older-people,Is there a vaccine drug or treatment for COVID-19?,Real
100210,who.int,https://www.who.int/emergencies/diseases/novel-coronavirus-2019/question-and-answers-hub/q-a-detail/q-a-on-on-covid-19-for-older-people,What can I do to prevent infection?,Real
100211,who.int,https://www.who.int/emergencies/diseases/novel-coronavirus-2019/question-and-answers-hub/q-a-detail/q-a-on-on-covid-19-for-older-people,What can older people do to prepare for COVID-19 in their community?,Real
100212,who.int,https://www.who.int/emergencies/diseases/novel-coronavirus-2019/question-and-answers-hub/q-a-detail/q-a-on-on-covid-19-for-older-people,How can I keep healthy on a daily basis during the COVID-19 pandemic?,Real
100213,who.int,https://www.who.int/emergencies/diseases/novel-coronavirus-2019/question-and-answers-hub/q-a-detail/q-a-on-on-covid-19-for-older-people,What should I do if I have symptoms of COVID-19?,Real
100214,who.int,https://www.who.int/emergencies/diseases/novel-coronavirus-2019/question-and-answers-hub/q-a-detail/q-a-on-on-covid-19-for-older-people,I have recently lost someone I care about. What advice do you have to help me cope?,Real
100215,who.int,https://www.who.int/emergencies/diseases/novel-coronavirus-2019/question-and-answers-hub/q-a-detail/q-a-for-adolescents-and-youth-related-to-covid-19,Can adolescents catch COVID-19?,Real
100216,who.int,https://www.who.int/emergencies/diseases/novel-coronavirus-2019/question-and-answers-hub/q-a-detail/q-a-for-adolescents-and-youth-related-to-covid-20,Can adolescents spread COVID-19 to other people even if they have mild or no symptoms?,Real
100217,who.int,https://www.who.int/emergencies/diseases/novel-coronavirus-2019/question-and-answers-hub/q-a-detail/q-a-for-adolescents-and-youth-related-to-covid-21,Since there are few known cases of adolescents getting seriously ill with COVID-19 should I go to a health facility if I develop symptoms of the disease?,Real
100218,who.int,https://www.who.int/emergencies/diseases/novel-coronavirus-2019/question-and-answers-hub/q-a-detail/q-a-for-adolescents-and-youth-related-to-covid-22,What should I do if someone in my family gets really ill with COVID-19?,Real
100219,who.int,https://www.who.int/emergencies/diseases/novel-coronavirus-2019/question-and-answers-hub/q-a-detail/q-a-for-adolescents-and-youth-related-to-covid-23,I am on medication for a chronic health condition. Should I change anything?,Real
100220,who.int,https://www.who.int/emergencies/diseases/novel-coronavirus-2019/question-and-answers-hub/q-a-detail/q-a-for-adolescents-and-youth-related-to-covid-24,I was due to get vaccinated for HPV meningitis or tetanus but immunization services have been disrupted. Should I be concerned?,Real
100221,who.int,https://www.who.int/emergencies/diseases/novel-coronavirus-2019/question-and-answers-hub/q-a-detail/q-a-for-adolescents-and-youth-related-to-covid-25,I am bored staying home. Since I am very unlikely to get severely ill even if I was to get COVID-19 why is it important that I follow the guidelines to prevent transmission such as keeping physical distance from other people?,Real
100222,who.int,https://www.who.int/emergencies/diseases/novel-coronavirus-2019/question-and-answers-hub/q-a-detail/q-a-for-adolescents-and-youth-related-to-covid-26,Some of my friends are not sticking to the rules about physical distancing. What should I do?,Real
100223,who.int,https://www.who.int/emergencies/diseases/novel-coronavirus-2019/question-and-answers-hub/q-a-detail/q-a-for-adolescents-and-youth-related-to-covid-27,I am feeling really anxious about COVID-19 and its impact on my life. What should I do?,Real
100224,who.int,https://www.who.int/emergencies/diseases/novel-coronavirus-2019/question-and-answers-hub/q-a-detail/q-a-for-adolescents-and-youth-related-to-covid-28,When will this pandemic end so I can go back to school and meet up with my friends?,Real
100225,who.int,https://www.who.int/emergencies/diseases/novel-coronavirus-2019/question-and-answers-hub/q-a-detail/q-a-for-adolescents-and-youth-related-to-covid-29,Schools are reopening in some areas of my country. Is it safe to go back to school?,Real
100226,who.int,https://www.who.int/emergencies/diseases/novel-coronavirus-2019/question-and-answers-hub/q-a-detail/q-a-for-adolescents-and-youth-related-to-covid-30,I know there is a risk of getting COVID-19 at the moment but I feel fine. Can I still play sports?,Real
100227,who.int,https://www.who.int/emergencies/diseases/novel-coronavirus-2019/question-and-answers-hub/q-a-detail/q-a-for-adolescents-and-youth-related-to-covid-31,I am missing out on my education because of the COVID-19 pandemic. What should I do?,Real
100228,who.int,https://www.who.int/emergencies/diseases/novel-coronavirus-2019/question-and-answers-hub/q-a-detail/q-a-for-adolescents-and-youth-related-to-covid-32,COVID-19 is everywhere in the news and I am finding it difficult to know what is true and what is false. What should I do?,Real
100229,who.int,https://www.who.int/emergencies/diseases/novel-coronavirus-2019/question-and-answers-hub/q-a-detail/q-a-for-adolescents-and-youth-related-to-covid-33,Is it safe to have sex at this time?,Real
100230,who.int,https://www.who.int/emergencies/diseases/novel-coronavirus-2019/question-and-answers-hub/q-a-detail/q-a-for-adolescents-and-youth-related-to-covid-34,In the lockdown I am spending much more time online playing games socialising and studying. Should I be worried about this?,Real
100231,who.int,https://www.who.int/emergencies/diseases/novel-coronavirus-2019/question-and-answers-hub/q-a-detail/q-a-for-adolescents-and-youth-related-to-covid-35,I heard I can be hurt by online contacts. What are my risks and how I can protect myself online.,Real
100232,who.int,https://www.who.int/emergencies/diseases/novel-coronavirus-2019/question-and-answers-hub/q-a-detail/q-a-for-adolescents-and-youth-related-to-covid-36,Since my parents stopped going out to work they have been arguing with each other much more and in some instances I have seen one parent harm or hurt the other either verbally or physically. I donít feel safe at home. What should I do?,Real
100233,who.int,https://www.who.int/emergencies/diseases/novel-coronavirus-2019/question-and-answers-hub/q-a-detail/q-a-for-adolescents-and-youth-related-to-covid-37,I donít like the way someone touches me at home and we are both at home all the time because of the pandemic. What should I do?,Real
100234,who.int,https://www.who.int/emergencies/diseases/novel-coronavirus-2019/question-and-answers-hub/q-a-detail/q-a-on-covid-19-and-breastfeeding,Can COVID-19 be passed through breastfeeding?,Real
100235,who.int,https://www.who.int/emergencies/diseases/novel-coronavirus-2019/question-and-answers-hub/q-a-detail/q-a-on-covid-19-and-breastfeeding,In communities where COVID-19 is prevalent should mothers breastfeed?,Real
100236,who.int,https://www.who.int/emergencies/diseases/novel-coronavirus-2019/question-and-answers-hub/q-a-detail/q-a-on-covid-19-and-breastfeeding,Following delivery should a baby still be immediately placed skin-to-skin and breastfed if the mother is confirmed or suspected to have COVID-19?,Real
100237,who.int,https://www.who.int/emergencies/diseases/novel-coronavirus-2019/question-and-answers-hub/q-a-detail/q-a-on-covid-19-and-breastfeeding,Can women with confirmed or suspected COVID-19 breastfeed?,Real
100238,who.int,https://www.who.int/emergencies/diseases/novel-coronavirus-2019/question-and-answers-hub/q-a-detail/q-a-on-covid-19-and-breastfeeding,If a mother confirmed or suspected to have COVID-19 does not have a medical face mask should she still breastfeed?,Real
100239,who.int,https://www.who.int/emergencies/diseases/novel-coronavirus-2019/question-and-answers-hub/q-a-detail/q-a-on-covid-19-and-breastfeeding,I have confirmed or suspected COVID-19 and am too unwell to breastfeed my baby directly. What can I do?,Real
100240,who.int,https://www.who.int/emergencies/diseases/novel-coronavirus-2019/question-and-answers-hub/q-a-detail/q-a-on-covid-19-and-breastfeeding,I had confirmed or suspected COVID-19 and was unable to breastfeed when can I start to breastfeed again?,Real
100241,who.int,https://www.who.int/emergencies/diseases/novel-coronavirus-2019/question-and-answers-hub/q-a-detail/q-a-on-covid-19-and-breastfeeding,I have confirmed or suspected COVID-19 is it safer to give my baby infant formula milk?,Real
100242,who.int,https://www.who.int/emergencies/diseases/novel-coronavirus-2019/question-and-answers-hub/q-a-detail/q-a-on-self-care-interventions-for-sexual-and-reproductive-health-and-rights-and-covid-19,Why are self-care interventions important during a pandemic like COVID-19?,Real
100243,who.int,https://www.who.int/emergencies/diseases/novel-coronavirus-2019/question-and-answers-hub/q-a-detail/q-a-on-self-care-interventions-for-sexual-and-reproductive-health-and-rights-and-covid-20,Do I need to see a health worker for self care actions?,Real
100244,who.int,https://www.who.int/emergencies/diseases/novel-coronavirus-2019/question-and-answers-hub/q-a-detail/q-a-on-self-care-interventions-for-sexual-and-reproductive-health-and-rights-and-covid-21,What self care actions can I take to protect my sexual and reproductive health?,Real
100245,who.int,https://www.who.int/emergencies/diseases/novel-coronavirus-2019/question-and-answers-hub/q-a-detail/q-a-on-self-care-interventions-for-sexual-and-reproductive-health-and-rights-and-covid-22,How can I get healthcare support during the COVID-19 pandemic for a self-care intervention?,Real
100246,who.int,https://www.who.int/emergencies/diseases/novel-coronavirus-2019/question-and-answers-hub/q-a-detail/questions-relating-to-food-safety-authorities,How should imported foods from countries with high prevalence of COVID-19 be treated?,Real
100247,who.int,https://www.who.int/emergencies/diseases/novel-coronavirus-2019/question-and-answers-hub/q-a-detail/questions-relating-to-food-safety-authorities,Do food inspectors need to wear any protective equipment?,Real
100248,who.int,https://www.who.int/emergencies/diseases/novel-coronavirus-2019/question-and-answers-hub/q-a-detail/questions-relating-to-food-safety-authorities,What do food inspectors need to consider when reopening a food business when the pandemic is over?,Real
100249,who.int,https://www.who.int/emergencies/diseases/novel-coronavirus-2019/question-and-answers-hub/q-a-detail/questions-relating-to-food-safety-authorities,What are the lab protocols for identifying the virus in food? On surfaces?,Real
100250,who.int,https://www.who.int/emergencies/diseases/novel-coronavirus-2019/question-and-answers-hub/q-a-detail/questions-relating-to-food-safety-authorities,Is quarantine necessary for live animals imported from countries experiencing a large numbers of COVID-19 cases?,Real
100251,who.int,https://www.who.int/emergencies/diseases/novel-coronavirus-2019/question-and-answers-hub/q-a-detail/questions-relating-to-food-safety-authorities,How do we ensure the food supply chain remains intact to prevent food shortages?,Real
100252,who.int,https://www.who.int/emergencies/diseases/novel-coronavirus-2019/question-and-answers-hub/q-a-detail/questions-relating-to-food-businesses,How can food businesses remain safe from virus contamination?,Real
100253,who.int,https://www.who.int/emergencies/diseases/novel-coronavirus-2019/question-and-answers-hub/q-a-detail/questions-relating-to-food-businesses,Should grocery store workers wear gloves? Masks?,Real
100254,who.int,https://www.who.int/emergencies/diseases/novel-coronavirus-2019/question-and-answers-hub/q-a-detail/questions-relating-to-food-businesses,What is the protocol when an employee working in a food business becomes ill with COVID-19?,Real
100255,who.int,https://www.who.int/emergencies/diseases/novel-coronavirus-2019/question-and-answers-hub/q-a-detail/questions-relating-to-food-businesses,When can an employee return to work following illness? Are temperature checks appropriate?,Real
100256,who.int,https://www.who.int/emergencies/diseases/novel-coronavirus-2019/question-and-answers-hub/q-a-detail/questions-relating-to-food-businesses,What specific precautions do food workers need to take?,Real
100257,who.int,https://www.who.int/emergencies/diseases/novel-coronavirus-2019/question-and-answers-hub/q-a-detail/questions-relating-to-food-businesses,How should employees maintain safe distance from one another during food production and processing?,Real
100258,who.int,https://www.who.int/emergencies/diseases/novel-coronavirus-2019/question-and-answers-hub/q-a-detail/questions-relating-to-food-businesses,How should baked goods and fresh produce be displayed in a food market/grocery store?,Real
100259,who.int,https://www.who.int/emergencies/diseases/novel-coronavirus-2019/question-and-answers-hub/q-a-detail/questions-relating-to-food-businesses,How should shopping trolleys or carts be disinfected?,Real
100260,who.int,https://www.who.int/emergencies/diseases/novel-coronavirus-2019/question-and-answers-hub/q-a-detail/questions-relating-to-food-businesses,What is the most appropriate sanitizer to use on surfaces in a food production environment?,Real
100261,who.int,https://www.who.int/emergencies/diseases/novel-coronavirus-2019/question-and-answers-hub/q-a-detail/questions-relating-to-food-businesses,Could the virus be transmitted from humans to food animals or vice versa?,Real
100262,who.int,https://www.who.int/emergencies/diseases/novel-coronavirus-2019/question-and-answers-hub/q-a-detail/questions-relating-to-food-businesses,What is known about various conditions affecting survivability of the virus?,Real
100263,who.int,https://www.who.int/emergencies/diseases/novel-coronavirus-2019/question-and-answers-hub/q-a-detail/questions-relating-to-food-businesses,What measures should be taken to ensure safe transport of food during this pandemic?,Real
100264,who.int,https://www.who.int/emergencies/diseases/novel-coronavirus-2019/question-and-answers-hub/q-a-detail/questions-relating-to-food-businesses,What measures should be taken to ensure safe water is used in food production during this pandemic?,Real
100265,who.int,https://www.who.int/emergencies/diseases/novel-coronavirus-2019/question-and-answers-hub/q-a-detail/questions-relating-to-food-businesses,How should food premises be cleaned/disinfected during this pandemic?,Real
100266,who.int,https://www.who.int/emergencies/diseases/novel-coronavirus-2019/question-and-answers-hub/q-a-detail/questions-relating-to-consumers,Can I get COVID-19 from food?,Real
100267,who.int,https://www.who.int/emergencies/diseases/novel-coronavirus-2019/question-and-answers-hub/q-a-detail/questions-relating-to-consumers,Can the virus live on the surface of foods (including fruits and vegetables frozen foods pre-packaged foods)?,Real
100268,who.int,https://www.who.int/emergencies/diseases/novel-coronavirus-2019/question-and-answers-hub/q-a-detail/questions-relating-to-consumers,How to wash fruits and vegetables? Just with water or something else?,Real
100269,who.int,https://www.who.int/emergencies/diseases/novel-coronavirus-2019/question-and-answers-hub/q-a-detail/questions-relating-to-consumers,Can the virus live on the surface of food packaging? How long? Is it necessary to disinfect?,Real
100270,who.int,https://www.who.int/emergencies/diseases/novel-coronavirus-2019/question-and-answers-hub/q-a-detail/questions-relating-to-consumers,How long is it to cook food? To what temperature to kill the virus?,Real
100271,who.int,https://www.who.int/emergencies/diseases/novel-coronavirus-2019/question-and-answers-hub/q-a-detail/questions-relating-to-consumers,What precautions should consumers take in grocery stores?,Real
100272,who.int,https://www.who.int/emergencies/diseases/novel-coronavirus-2019/question-and-answers-hub/q-a-detail/questions-relating-to-consumers,Is food/grocery delivery safe?,Real
100273,who.int,https://www.who.int/emergencies/diseases/novel-coronavirus-2019/question-and-answers-hub/q-a-detail/questions-relating-to-consumers,What is the best household disinfectant for surfaces?,Real
100274,who.int,https://www.who.int/emergencies/diseases/novel-coronavirus-2019/question-and-answers-hub/q-a-detail/questions-relating-to-consumers,Is it still safe to go to food markets? Animal markets? Wet markets?,Real
100275,who.int,https://www.who.int/emergencies/diseases/novel-coronavirus-2019/question-and-answers-hub/q-a-detail/q-a-on-tobacco-and-covid-19,As a smoker is my risk of getting the COVID-19 virus higher than that of a non-smoker?,Real
100276,who.int,https://www.who.int/emergencies/diseases/novel-coronavirus-2019/question-and-answers-hub/q-a-detail/q-a-on-tobacco-and-covid-20,As a smoker am I likely to get more severe symptoms if infected?,Real
100277,who.int,https://www.who.int/emergencies/diseases/novel-coronavirus-2019/question-and-answers-hub/q-a-detail/q-a-on-tobacco-and-covid-21,As a vaper am I more likely to be infected or to have more severe symptoms if infected?,Real
100278,who.int,https://www.who.int/emergencies/diseases/novel-coronavirus-2019/question-and-answers-hub/q-a-detail/q-a-on-tobacco-and-covid-22,What about using smokeless tobacco like chewing tobacco?,Real
100279,who.int,https://www.who.int/emergencies/diseases/novel-coronavirus-2019/question-and-answers-hub/q-a-detail/q-a-on-tobacco-and-covid-23,What does WHO recommend for tobacco users?,Real
100280,who.int,https://www.who.int/emergencies/diseases/novel-coronavirus-2019/question-and-answers-hub/q-a-detail/q-a-on-tobacco-and-covid-24,What can I do to protect people from the risks associated with smoking smokeless tobacco use and vaping?,Real
100281,who.int,https://www.who.int/emergencies/diseases/novel-coronavirus-2019/question-and-answers-hub/q-a-detail/q-a-on-tobacco-and-covid-25,Does nicotine use affect my chances in the context of COVID-19?,Real
100282,who.int,https://www.who.int/emergencies/diseases/novel-coronavirus-2019/question-and-answers-hub/q-a-detail/q-a-tips-for-health-and-safety-at-the-workplace-in-the-context-of-covid-19,Can COVID-19 be transmitted at the workplace?,Real
100283,who.int,https://www.who.int/emergencies/diseases/novel-coronavirus-2019/question-and-answers-hub/q-a-detail/q-a-tips-for-health-and-safety-at-the-workplace-in-the-context-of-covid-20,What is the risk of contracting COVID-19 in the workplace?,Real
100284,who.int,https://www.who.int/emergencies/diseases/novel-coronavirus-2019/question-and-answers-hub/q-a-detail/q-a-tips-for-health-and-safety-at-the-workplace-in-the-context-of-covid-21,How can people assess the risk for exposure to COVID-19 in their workplace and plan for preventive measures?,Real
100285,who.int,https://www.who.int/emergencies/diseases/novel-coronavirus-2019/question-and-answers-hub/q-a-detail/q-a-tips-for-health-and-safety-at-the-workplace-in-the-context-of-covid-22,Who should carry out the workplace risk assessment?,Real
100286,who.int,https://www.who.int/emergencies/diseases/novel-coronavirus-2019/question-and-answers-hub/q-a-detail/q-a-tips-for-health-and-safety-at-the-workplace-in-the-context-of-covid-23,What are the key considerations for the workplace risk assessment?,Real
100287,who.int,https://www.who.int/emergencies/diseases/novel-coronavirus-2019/question-and-answers-hub/q-a-detail/q-a-tips-for-health-and-safety-at-the-workplace-in-the-context-of-covid-24,How should employers decide when to open close or re-open workplaces and/or suspend or downscale work activities?,Real
100288,who.int,https://www.who.int/emergencies/diseases/novel-coronavirus-2019/question-and-answers-hub/q-a-detail/q-a-tips-for-health-and-safety-at-the-workplace-in-the-context-of-covid-25,What key measures to protect against COVID-19 should be undertaken in ALL workplaces?,Real
100289,who.int,https://www.who.int/emergencies/diseases/novel-coronavirus-2019/question-and-answers-hub/q-a-detail/q-a-tips-for-health-and-safety-at-the-workplace-in-the-context-of-covid-26,What additional measures should be taken at workplaces and for jobs at medium risk?,Real
100290,who.int,https://www.who.int/emergencies/diseases/novel-coronavirus-2019/question-and-answers-hub/q-a-detail/q-a-tips-for-health-and-safety-at-the-workplace-in-the-context-of-covid-27,What additional measures should be taken at workplaces and for jobs at high risk?,Real
100291,who.int,https://www.who.int/emergencies/diseases/novel-coronavirus-2019/question-and-answers-hub/q-a-detail/q-a-tips-for-health-and-safety-at-the-workplace-in-the-context-of-covid-28,What should be taken into consideration when setting a physical distance at the workplace?,Real
100292,who.int,https://www.who.int/emergencies/diseases/novel-coronavirus-2019/question-and-answers-hub/q-a-detail/q-a-tips-for-health-and-safety-at-the-workplace-in-the-context-of-covid-29,What are the rights duties and responsibilities of employers?,Real
100293,who.int,https://www.who.int/emergencies/diseases/novel-coronavirus-2019/question-and-answers-hub/q-a-detail/q-a-tips-for-health-and-safety-at-the-workplace-in-the-context-of-covid-30,What are the rights duties and responsibilities of workers?,Real
100294,who.int,https://www.who.int/emergencies/diseases/novel-coronavirus-2019/question-and-answers-hub/q-a-detail/q-a-tips-for-health-and-safety-at-the-workplace-in-the-context-of-covid-31,How can workplaces plan for the prevention and mitigation of COVID-19?,Real
100295,who.int,https://www.who.int/emergencies/diseases/novel-coronavirus-2019/question-and-answers-hub/q-a-detail/q-a-tips-for-health-and-safety-at-the-workplace-in-the-context-of-covid-32,Can the return to the workplace be immediate after public measures are lifted?,Real
100296,who.int,https://www.who.int/emergencies/diseases/novel-coronavirus-2019/question-and-answers-hub/q-a-detail/q-a-tips-for-health-and-safety-at-the-workplace-in-the-context-of-covid-33,Does WHO recommend thermal testing of people entering a workplace?,Real
100297,who.int,https://www.who.int/emergencies/diseases/novel-coronavirus-2019/question-and-answers-hub/q-a-detail/q-a-tips-for-health-and-safety-at-the-workplace-in-the-context-of-covid-34,Does WHO recommend workers wear masks at the workplace (office or others)? If yes what type of masks?,Real
100298,who.int,https://www.who.int/emergencies/diseases/novel-coronavirus-2019/question-and-answers-hub/q-a-detail/q-a-tips-for-health-and-safety-at-the-workplace-in-the-context-of-covid-35,Are there any directives on office ventilation and air conditioning use?,Real
100299,who.int,https://www.who.int/emergencies/diseases/novel-coronavirus-2019/question-and-answers-hub/q-a-detail/q-a-tips-for-health-and-safety-at-the-workplace-in-the-context-of-covid-36,What mental health and psychosocial support should be provided to workers during COVID-19?,Real
100300,who.int,https://www.who.int/emergencies/diseases/novel-coronavirus-2019/question-and-answers-hub/q-a-detail/q-a-dexamethasone-and-covid-19,What is dexamethasone and does it work against COVID-19?,Real
100301,who.int,https://www.who.int/emergencies/diseases/novel-coronavirus-2019/question-and-answers-hub/q-a-detail/q-a-dexamethasone-and-covid-20,Were all patients in RECOVERY given dexamethasone?,Real
100302,who.int,https://www.who.int/emergencies/diseases/novel-coronavirus-2019/question-and-answers-hub/q-a-detail/q-a-dexamethasone-and-covid-21,Does WHO recommend the use of dexamethasone for COVID-19 patients?,Real
100303,who.int,https://www.who.int/emergencies/diseases/novel-coronavirus-2019/question-and-answers-hub/q-a-detail/q-a-dexamethasone-and-covid-22,Is dexamethasone on the WHO Essential Medicines List?,Real
100304,who.int,https://www.who.int/emergencies/diseases/novel-coronavirus-2019/question-and-answers-hub/q-a-detail/q-a-dexamethasone-and-covid-23,Is dexamethasone prequalified by WHO?,Real
100305,who.int,https://www.who.int/emergencies/diseases/novel-coronavirus-2019/question-and-answers-hub/q-a-detail/q-a-dexamethasone-and-covid-24,What dose was used in the Recovery trial?,Real
100306,who.int,https://www.who.int/emergencies/diseases/novel-coronavirus-2019/question-and-answers-hub/q-a-detail/q-a-dexamethasone-and-covid-25,What are the typical side effects of dexamethasone?,Real
100307,who.int,https://www.who.int/emergencies/diseases/novel-coronavirus-2019/question-and-answers-hub/q-a-detail/q-a-dexamethasone-and-covid-26,How do the doses used in the RECOVERY trial compare with those used normally?,Real
100308,who.int,https://www.who.int/emergencies/diseases/novel-coronavirus-2019/question-and-answers-hub/q-a-detail/q-a-dexamethasone-and-covid-27,Can steroids be used in the elderly/children/pregnancy?,Real
100309,who.int,https://www.who.int/emergencies/diseases/novel-coronavirus-2019/question-and-answers-hub/q-a-detail/q-a-dexamethasone-and-covid-28,Is dexamethasone available across the world?,Real
100310,who.int,https://www.who.int/emergencies/diseases/novel-coronavirus-2019/question-and-answers-hub/q-a-detail/q-a-dexamethasone-and-covid-29,How many API suppliers are there?,Real
100311,who.int,https://www.who.int/emergencies/diseases/novel-coronavirus-2019/question-and-answers-hub/q-a-detail/q-a-dexamethasone-and-covid-30,Is dexamethasone affordable/what is the price per treatment?,Real
100312,who.int,https://www.who.int/emergencies/diseases/novel-coronavirus-2019/question-and-answers-hub/q-a-detail/q-a-hydroxychloroquine-and-covid-19,Why was the use of hydroxychloroquine stopped in the Solidarity Trial?,Real
100313,who.int,https://www.who.int/emergencies/diseases/novel-coronavirus-2019/question-and-answers-hub/q-a-detail/q-a-hydroxychloroquine-and-covid-20,What will happen to the people who were already enrolled in the hydroxychloroquine arm of the trial?,Real
100314,who.int,https://www.who.int/emergencies/diseases/novel-coronavirus-2019/question-and-answers-hub/q-a-detail/q-a-hydroxychloroquine-and-covid-21,What is WHOís view of the use of hydroxychloroquine in pre or post-exposure prophylaxis?,Real
100315,who.int,https://www.who.int/emergencies/diseases/novel-coronavirus-2019/question-and-answers-hub/q-a-detail/malaria-and-the-covid-19-pandemic,How many malaria-affected countries have reported cases of COVID-19?,Real
100316,who.int,https://www.who.int/emergencies/diseases/novel-coronavirus-2019/question-and-answers-hub/q-a-detail/malaria-and-the-covid-19-pandemic,Should core malaria vector control interventions be maintained in view of the rapid global spread of COVID-19?,Real
100317,who.int,https://www.who.int/emergencies/diseases/novel-coronavirus-2019/question-and-answers-hub/q-a-detail/malaria-and-the-covid-19-pandemic,Should WHO-recommended preventive therapies be maintained in sub-Saharan Africa?,Real
100318,who.int,https://www.who.int/emergencies/diseases/novel-coronavirus-2019/question-and-answers-hub/q-a-detail/malaria-and-the-covid-19-pandemic,Are there any changes to WHO guidance with respect to malaria diagnosis and treatment?,Real
100319,who.int,https://www.who.int/emergencies/diseases/novel-coronavirus-2019/question-and-answers-hub/q-a-detail/malaria-and-the-covid-19-pandemic,What additional special measures may be needed in the context of COVID-19?,Real
100320,who.int,https://www.who.int/emergencies/diseases/novel-coronavirus-2019/question-and-answers-hub/q-a-detail/malaria-and-the-covid-19-pandemic,What are the key considerations for countries that are working to eliminate malaria or prevent re-establishment of transmission?,Real
100321,who.int,https://www.who.int/emergencies/diseases/novel-coronavirus-2019/question-and-answers-hub/q-a-detail/malaria-and-the-covid-19-pandemic,Why is WHO particularly concerned about the spread of COVID-19 in malaria-affected areas?,Real
100322,who.int,https://www.who.int/emergencies/diseases/novel-coronavirus-2019/question-and-answers-hub/q-a-detail/malaria-and-the-covid-19-pandemic,Have there been disruptions in the global supply of key malaria-related commodities as a result of the COVID-19 pandemic?,Real
100323,who.int,https://www.who.int/emergencies/diseases/novel-coronavirus-2019/question-and-answers-hub/q-a-detail/malaria-and-the-covid-19-pandemic,What is WHOís position on the use of chloroquine and hydroxychloroquine in the context of the COVID-19 response?,Real
100324,who.int,https://www.who.int/emergencies/diseases/novel-coronavirus-2019/question-and-answers-hub/q-a-detail/malaria-and-the-covid-19-pandemic,What is WHOís position on the use of Artemisia plant material for the prevention or treatment of malaria and/or COVID-19?,Real
100325,who.int,https://www.who.int/emergencies/diseases/novel-coronavirus-2019/question-and-answers-hub/q-a-detail/malaria-and-the-covid-19-pandemic,What is WHO doing to support malaria-affected countries in the context of COVID-19?,Real
100326,who.int,https://www.who.int/emergencies/diseases/novel-coronavirus-2019/question-and-answers-hub/q-a-detail/tuberculosis-and-the-covid-19-pandemic,Are people with tuberculosis likely to be at increased risk of COVID-19 infection illness and death?,Real
100327,who.int,https://www.who.int/emergencies/diseases/novel-coronavirus-2019/question-and-answers-hub/q-a-detail/tuberculosis-and-the-covid-19-pandemic,Do COVID-19 and tuberculosis spread in the same way?,Real
100328,who.int,https://www.who.int/emergencies/diseases/novel-coronavirus-2019/question-and-answers-hub/q-a-detail/tuberculosis-and-the-covid-19-pandemic,What is the potential impact of COVID-19 pandemic on essential tuberculosis services?,Real
100329,who.int,https://www.who.int/emergencies/diseases/novel-coronavirus-2019/question-and-answers-hub/q-a-detail/tuberculosis-and-the-covid-19-pandemic,What should health authorities do to provide sustainability of essential tuberculosis services during the COVID-19 pandemic?,Real
100330,who.int,https://www.who.int/emergencies/diseases/novel-coronavirus-2019/question-and-answers-hub/q-a-detail/tuberculosis-and-the-covid-19-pandemic,How can health authorities ensure supplies of tuberculosis medicines and diagnostics?,Real
100331,who.int,https://www.who.int/emergencies/diseases/novel-coronavirus-2019/question-and-answers-hub/q-a-detail/tuberculosis-and-the-covid-19-pandemic,What services can be leveraged across both diseases?,Real
100332,who.int,https://www.who.int/emergencies/diseases/novel-coronavirus-2019/question-and-answers-hub/q-a-detail/tuberculosis-and-the-covid-19-pandemic,What measures should be in place to protect staff working in tuberculosis laboratories and healthcare facilities and community health workers from COVID-19 infection?,Real
100333,who.int,https://www.who.int/emergencies/diseases/novel-coronavirus-2019/question-and-answers-hub/q-a-detail/tuberculosis-and-the-covid-19-pandemic,How can we protect people seeking tuberculosis care during the COVID-19 pandemic?,Real
100334,who.int,https://www.who.int/emergencies/diseases/novel-coronavirus-2019/question-and-answers-hub/q-a-detail/tuberculosis-and-the-covid-19-pandemic,Can tuberculosis and COVID-19 be tested on the same type of specimen?,Real
100335,who.int,https://www.who.int/emergencies/diseases/novel-coronavirus-2019/question-and-answers-hub/q-a-detail/tuberculosis-and-the-covid-19-pandemic,Should all people being evaluated for tuberculosis also be tested for COVID-19 and vice-versa?,Real
100336,who.int,https://www.who.int/emergencies/diseases/novel-coronavirus-2019/question-and-answers-hub/q-a-detail/tuberculosis-and-the-covid-19-pandemic,Is tuberculosis treatment different in people who have both TB and COVID-19?,Real
100337,who.int,https://www.who.int/emergencies/diseases/novel-coronavirus-2019/question-and-answers-hub/q-a-detail/tuberculosis-and-the-covid-19-pandemic,Does the BCG vaccine protect people from COVID-19?,Real
